CREATE DATABASE  IF NOT EXISTS `cademint_db` /*!40100 DEFAULT CHARACTER SET utf8mb4 COLLATE utf8mb4_unicode_ci */;
USE `cademint_db`;
-- MySQL dump 10.13  Distrib 5.7.41, for Win32 (AMD64)
--
-- Host: iu51mf0q32fkhfpl.cbetxkdyhwsb.us-east-1.rds.amazonaws.com    Database: eh629qa8l4285zp4
-- ------------------------------------------------------
-- Server version	5.5.5-10.4.34-MariaDB-log

/*!40101 SET @OLD_CHARACTER_SET_CLIENT=@@CHARACTER_SET_CLIENT */;
/*!40101 SET @OLD_CHARACTER_SET_RESULTS=@@CHARACTER_SET_RESULTS */;
/*!40101 SET @OLD_COLLATION_CONNECTION=@@COLLATION_CONNECTION */;
/*!40101 SET NAMES utf8 */;
/*!40103 SET @OLD_TIME_ZONE=@@TIME_ZONE */;
/*!40103 SET TIME_ZONE='+00:00' */;
/*!40014 SET @OLD_UNIQUE_CHECKS=@@UNIQUE_CHECKS, UNIQUE_CHECKS=0 */;
/*!40014 SET @OLD_FOREIGN_KEY_CHECKS=@@FOREIGN_KEY_CHECKS, FOREIGN_KEY_CHECKS=0 */;
/*!40101 SET @OLD_SQL_MODE=@@SQL_MODE, SQL_MODE='NO_AUTO_VALUE_ON_ZERO' */;
/*!40111 SET @OLD_SQL_NOTES=@@SQL_NOTES, SQL_NOTES=0 */;

--
-- Table structure for table `achievements`
--

DROP TABLE IF EXISTS `achievements`;
/*!40101 SET @saved_cs_client     = @@character_set_client */;
/*!40101 SET character_set_client = utf8 */;
CREATE TABLE `achievements` (
  `id` int(11) NOT NULL AUTO_INCREMENT,
  `achievements_name` varchar(25) NOT NULL,
  `achievements_description` varchar(70) NOT NULL,
  PRIMARY KEY (`id`)
) ENGINE=InnoDB AUTO_INCREMENT=18 DEFAULT CHARSET=utf8mb4 COLLATE=utf8mb4_unicode_ci;
/*!40101 SET character_set_client = @saved_cs_client */;

--
-- Dumping data for table `achievements`
--

LOCK TABLES `achievements` WRITE;
/*!40000 ALTER TABLE `achievements` DISABLE KEYS */;
INSERT INTO `achievements` VALUES (1,'Novo usuário','Conta foi criada na Cademint'),(2,'Verificado','Passou por todas as etapas de verificação de conta'),(3,'Perfil completo','Preencheu todas as informações do perfil'),(4,'Início de carreira','É participante de pelo menos dois grupos'),(5,'Atarefado','Possui pelo menos 25 tarefas em seu nome'),(6,'Muito atarefado','Possui pelo menos 50 tarefas em seu nome'),(7,'Chefinho','É dono de pelo menos 3 grupos ativos'),(8,'Manda chuva','Possui o melhor plano da Cademint'),(9,'Usuário frequente','Fez login na plataforma todos os dias durante um mês seguido'),(10,'Antisocial','Quase não interage com outras pessoas'),(11,'Sociável','Interage frequentemente com outras pessoas'),(12,'Viciado','Possui pelo menos 8 conquistas'),(13,'Sem vida social','Não fica mais de 8 horas fora da Cademint'),(14,'Hacker','Conseguiu acesso ao código secreto dentro da Cademint'),(15,'Soberano','Possui todas as conquistas e medalhas, além de ser nível máximo'),(16,'Dono da Cademint','Você é o dono da Cademint, parabéns!'),(17,'Magnata','Possui o level máximo da Cademint');
/*!40000 ALTER TABLE `achievements` ENABLE KEYS */;
UNLOCK TABLES;

--
-- Table structure for table `beta_queue`
--

DROP TABLE IF EXISTS `beta_queue`;
/*!40101 SET @saved_cs_client     = @@character_set_client */;
/*!40101 SET character_set_client = utf8 */;
CREATE TABLE `beta_queue` (
  `nome` varchar(50) NOT NULL,
  `email` varchar(50) NOT NULL
) ENGINE=InnoDB DEFAULT CHARSET=utf8 COLLATE=utf8_general_ci;
/*!40101 SET character_set_client = @saved_cs_client */;

--
-- Dumping data for table `beta_queue`
--

LOCK TABLES `beta_queue` WRITE;
/*!40000 ALTER TABLE `beta_queue` DISABLE KEYS */;
/*!40000 ALTER TABLE `beta_queue` ENABLE KEYS */;
UNLOCK TABLES;

--
-- Table structure for table `beta_testers`
--

DROP TABLE IF EXISTS `beta_testers`;
/*!40101 SET @saved_cs_client     = @@character_set_client */;
/*!40101 SET character_set_client = utf8 */;
CREATE TABLE `beta_testers` (
  `beta_hash` varchar(50) NOT NULL
) ENGINE=InnoDB DEFAULT CHARSET=utf8 COLLATE=utf8_general_ci;
/*!40101 SET character_set_client = @saved_cs_client */;

--
-- Dumping data for table `beta_testers`
--

LOCK TABLES `beta_testers` WRITE;
/*!40000 ALTER TABLE `beta_testers` DISABLE KEYS */;
/*!40000 ALTER TABLE `beta_testers` ENABLE KEYS */;
UNLOCK TABLES;

--
-- Table structure for table `group_members`
--

DROP TABLE IF EXISTS `group_members`;
/*!40101 SET @saved_cs_client     = @@character_set_client */;
/*!40101 SET character_set_client = utf8 */;
CREATE TABLE `group_members` (
  `id` int(11) NOT NULL AUTO_INCREMENT,
  `group_id` int(11) NOT NULL,
  `user_id` int(11) NOT NULL,
  PRIMARY KEY (`id`)
) ENGINE=InnoDB AUTO_INCREMENT=109 DEFAULT CHARSET=utf8mb4 COLLATE=utf8mb4_unicode_ci;
/*!40101 SET character_set_client = @saved_cs_client */;

--
-- Dumping data for table `group_members`
--

LOCK TABLES `group_members` WRITE;
/*!40000 ALTER TABLE `group_members` DISABLE KEYS */;
INSERT INTO `group_members` VALUES (1,495,1),(2,495,2),(3,495,3),(5,496,1),(6,496,2),(7,496,3),(9,497,1),(10,497,2),(11,497,3),(12,497,315),(13,503,1),(14,503,2),(15,503,321),(16,508,1),(17,508,2),(19,508,322),(20,509,1),(21,509,2),(22,509,322),(23,512,1),(24,512,2),(25,512,323),(26,513,1),(27,513,2),(28,513,315),(29,513,323),(30,514,1),(31,514,2),(32,514,315),(33,514,323),(34,516,1),(35,516,2),(36,516,315),(37,523,1),(38,523,2),(39,523,315),(40,524,1),(41,524,2),(42,524,315),(43,525,1),(44,525,2),(45,525,315),(46,526,1),(47,526,2),(48,526,315),(49,527,1),(50,527,2),(51,527,315),(52,528,1),(53,528,2),(54,528,315),(55,529,1),(56,529,2),(57,529,315),(58,531,1),(59,531,2),(60,531,324),(64,534,326),(65,534,1),(66,534,2),(67,530,324),(68,535,315),(69,535,1),(70,535,2),(71,536,315),(72,536,1),(73,536,2),(74,537,315),(75,537,1),(76,537,2),(77,538,315),(78,538,1),(79,538,2),(80,539,315),(81,539,1),(82,539,2),(83,540,327),(84,540,1),(85,540,2),(86,539,327),(87,541,315),(88,541,1),(89,541,2),(90,542,315),(91,542,1),(92,542,2),(99,545,315),(100,545,1),(101,545,2),(102,546,328),(103,546,1),(104,546,2),(105,545,328),(106,547,315),(107,547,1),(108,547,2);
/*!40000 ALTER TABLE `group_members` ENABLE KEYS */;
UNLOCK TABLES;

--
-- Table structure for table `group_pending_users`
--

DROP TABLE IF EXISTS `group_pending_users`;
/*!40101 SET @saved_cs_client     = @@character_set_client */;
/*!40101 SET character_set_client = utf8 */;
CREATE TABLE `group_pending_users` (
  `id` int(11) NOT NULL AUTO_INCREMENT,
  `group_id` int(11) NOT NULL,
  `pending_user_email` varchar(50) DEFAULT NULL,
  PRIMARY KEY (`id`)
) ENGINE=InnoDB AUTO_INCREMENT=6 DEFAULT CHARSET=utf8mb4 COLLATE=utf8mb4_unicode_ci;
/*!40101 SET character_set_client = @saved_cs_client */;

--
-- Dumping data for table `group_pending_users`
--

LOCK TABLES `group_pending_users` WRITE;
/*!40000 ALTER TABLE `group_pending_users` DISABLE KEYS */;
INSERT INTO `group_pending_users` VALUES (1,535,'joaojunior.jj@hotmail.com'),(2,535,'joaomatheus.silva0913@gmail.com'),(3,536,'joaojunior.jj@hotmail.com');
/*!40000 ALTER TABLE `group_pending_users` ENABLE KEYS */;
UNLOCK TABLES;

--
-- Table structure for table `group_tokens`
--

DROP TABLE IF EXISTS `group_tokens`;
/*!40101 SET @saved_cs_client     = @@character_set_client */;
/*!40101 SET character_set_client = utf8 */;
CREATE TABLE `group_tokens` (
  `token_id` int(11) NOT NULL AUTO_INCREMENT,
  `token` varchar(50) NOT NULL,
  `create_date` timestamp NOT NULL DEFAULT current_timestamp() ON UPDATE current_timestamp(),
  `group_id` int(11) NOT NULL,
  `email_requested` varchar(50) NOT NULL,
  PRIMARY KEY (`token_id`)
) ENGINE=InnoDB AUTO_INCREMENT=280 DEFAULT CHARSET=utf8 COLLATE=utf8_general_ci;
/*!40101 SET character_set_client = @saved_cs_client */;

--
-- Dumping data for table `group_tokens`
--

LOCK TABLES `group_tokens` WRITE;
/*!40000 ALTER TABLE `group_tokens` DISABLE KEYS */;
INSERT INTO `group_tokens` VALUES (275,'4aa28690adef159e64263ec04c4944b09eb181ac','2023-11-11 23:12:08',535,'joaojunior.jj@hotmail.com'),(276,'514cf123b7426fcd50d7262ad9aa615d9d9075b3','2023-11-22 02:33:35',535,'joaomatheus.silva0913@gmail.com'),(277,'1a9b437c7530d96faabf83c55efd6268dc3c20db','2024-01-20 01:05:01',536,'joaojunior.jj@hotmail.com'),(278,'9eae7eae4977c7c87eaf15a2b871fe9980740a2a','2024-10-08 01:10:30',539,'jefff9910@outlook.com'),(279,'4ba0f37cab4f7381b24bd556b07ccc525dd1c1fb','2025-01-17 15:55:55',545,'ghboves@gmail.com');
/*!40000 ALTER TABLE `group_tokens` ENABLE KEYS */;
UNLOCK TABLES;

--
-- Table structure for table `kanban_columns`
--

DROP TABLE IF EXISTS `kanban_columns`;
/*!40101 SET @saved_cs_client     = @@character_set_client */;
/*!40101 SET character_set_client = utf8 */;
CREATE TABLE `kanban_columns` (
  `id` int(11) NOT NULL AUTO_INCREMENT,
  `name` varchar(30) NOT NULL,
  `group_id` int(11) NOT NULL,
  PRIMARY KEY (`id`)
) ENGINE=InnoDB AUTO_INCREMENT=122 DEFAULT CHARSET=utf8mb4 COLLATE=utf8mb4_unicode_ci;
/*!40101 SET character_set_client = @saved_cs_client */;

--
-- Dumping data for table `kanban_columns`
--

LOCK TABLES `kanban_columns` WRITE;
/*!40000 ALTER TABLE `kanban_columns` DISABLE KEYS */;
INSERT INTO `kanban_columns` VALUES (1,'A Fazer',495),(2,'Fazendo',495),(3,'Teste',495),(4,'Concluído',495),(5,'A Fazer',496),(6,'Fazendo',496),(7,'Teste',496),(8,'Concluído',496),(9,'A Fazer',497),(10,'Fazendo',497),(11,'Teste',497),(12,'Concluído',497),(13,'A Fazer',503),(14,'Fazendo',503),(15,'Teste',503),(16,'Concluído',503),(17,'A Fazer',508),(18,'Fazendo',508),(19,'Teste',508),(20,'Concluído',508),(21,'A Fazer',509),(22,'Fazendo',509),(23,'Teste',509),(24,'Concluído',509),(25,'A Fazer',512),(26,'Fazendo',512),(27,'Teste',512),(28,'Concluído',512),(29,'A Fazer',513),(30,'Fazendo',513),(31,'Teste',513),(32,'Concluído',513),(33,'A Fazer',514),(34,'Fazendo',514),(35,'Teste',514),(36,'Concluído',514),(37,'A Fazer',516),(38,'Fazendo',516),(39,'Teste',516),(40,'Concluído',516),(41,'A Fazer',523),(42,'Fazendo',523),(43,'Teste',523),(44,'Concluído',523),(45,'A Fazer',524),(46,'Fazendo',524),(47,'Teste',524),(48,'Concluído',524),(49,'A Fazer',525),(50,'Fazendo',525),(51,'Teste',525),(52,'Concluído',525),(53,'A Fazer',526),(54,'Fazendo',526),(55,'Teste',526),(56,'Concluído',526),(57,'A Fazer',527),(58,'Fazendo',527),(59,'Teste',527),(60,'Concluído',527),(61,'A Fazer',528),(62,'Fazendo',528),(63,'Teste',528),(64,'Concluído',528),(65,'A Fazer',529),(66,'Fazendo',529),(67,'Teste',529),(68,'Concluído',529),(69,'A Fazer',530),(70,'Fazendo',530),(71,'Teste',530),(72,'Concluído',530),(73,'A Fazer',531),(74,'Fazendo',531),(75,'Teste',531),(76,'Concluído',531),(77,'A Fazer',534),(78,'Fazendo',534),(79,'Teste',534),(80,'Concluído',534),(81,'A Fazer',535),(82,'Fazendo',535),(83,'Teste',535),(84,'Concluído',535),(85,'A Fazer',536),(86,'Fazendo',536),(87,'Teste',536),(88,'Concluído',536),(89,'A Fazer',537),(90,'Fazendo',537),(91,'Teste',537),(92,'Concluído',537),(93,'A Fazer',538),(94,'Fazendo',538),(95,'Teste',538),(96,'Concluído',538),(97,'A Fazer',539),(98,'Fazendo',539),(99,'Teste',539),(100,'Concluído',539),(101,'A Fazer',540),(102,'Fazendo',540),(103,'Teste',540),(104,'Concluído',540),(105,'A Fazer',541),(106,'Fazendo',541),(107,'Teste',541),(108,'Concluído',541),(109,'A Fazer',542),(110,'Fazendo',542),(111,'Teste',542),(112,'Concluído',542),(113,'A Fazer',545),(114,'Fazendo',545),(115,'Teste',545),(116,'Concluído',545),(117,'A Fazer',546),(118,'Fazendo',546),(119,'Teste',546),(120,'Concluído',546),(121,'BOT',547);
/*!40000 ALTER TABLE `kanban_columns` ENABLE KEYS */;
UNLOCK TABLES;

--
-- Table structure for table `medals`
--

DROP TABLE IF EXISTS `medals`;
/*!40101 SET @saved_cs_client     = @@character_set_client */;
/*!40101 SET character_set_client = utf8 */;
CREATE TABLE `medals` (
  `id` int(11) NOT NULL AUTO_INCREMENT,
  `medal_name` varchar(25) NOT NULL,
  `medal_description` varchar(90) NOT NULL,
  PRIMARY KEY (`id`)
) ENGINE=InnoDB AUTO_INCREMENT=4 DEFAULT CHARSET=utf8mb4 COLLATE=utf8mb4_unicode_ci;
/*!40101 SET character_set_client = @saved_cs_client */;

--
-- Dumping data for table `medals`
--

LOCK TABLES `medals` WRITE;
/*!40000 ALTER TABLE `medals` DISABLE KEYS */;
INSERT INTO `medals` VALUES (1,'Confiável','Essa pessoa fez todas as verificações de conta e possui um grupo ativo'),(2,'Bom perfil','Essa pessoa interage e contribui frequentemente para o crescimento de seus projetos'),(3,'Usuário ativo','Essa pessoa fica online frequentemente na Cademint');
/*!40000 ALTER TABLE `medals` ENABLE KEYS */;
UNLOCK TABLES;

--
-- Table structure for table `os_ambient`
--

DROP TABLE IF EXISTS `os_ambient`;
/*!40101 SET @saved_cs_client     = @@character_set_client */;
/*!40101 SET character_set_client = utf8 */;
CREATE TABLE `os_ambient` (
  `desc_os` varchar(5000) NOT NULL,
  `status_os` int(11) DEFAULT NULL,
  `priority` int(11) NOT NULL,
  `size` varchar(1) NOT NULL,
  `id` int(11) NOT NULL AUTO_INCREMENT,
  `group_id` int(11) NOT NULL,
  `sponsor` int(11) NOT NULL,
  `user_owner` int(11) NOT NULL,
  `task_create_date` varchar(30) NOT NULL,
  `task_index` int(11) DEFAULT NULL,
  PRIMARY KEY (`id`),
  UNIQUE KEY `id_raw` (`id`)
) ENGINE=InnoDB AUTO_INCREMENT=614 DEFAULT CHARSET=utf8 COLLATE=utf8_general_ci;
/*!40101 SET character_set_client = @saved_cs_client */;

--
-- Dumping data for table `os_ambient`
--

LOCK TABLES `os_ambient` WRITE;
/*!40000 ALTER TABLE `os_ambient` DISABLE KEYS */;
INSERT INTO `os_ambient` VALUES ('Fazer com que versionamento afete todos os arquivos para evitar cache.',12,2,'P',93,497,315,315,'',NULL),('Adicionar categorias personalizadas para as tarefas, onde o usuario poderá criar essas categorias e definir uma cor para os indicadores.\r\n\r\nSugiro criar uma página de admin para o usuário dono do grupo poder criar essas categorias personalizadas.',9,2,'G',94,497,315,315,'',5),('Implementar funcionalidade de recuperação de senha, coisa que hoje não é funcional.',12,2,'M',95,497,315,315,'',NULL),('Quando alguem se cadastrar, implementar inteligência para exigir uma senha forte (com letras maiúsculas, minúsculas, numeros, caracteres especiais) para aumentar a segurança da senha.\r\n\r\nOBS: Só implementar essa funcionalidade quando a redefinição de senha estiver disponível.',9,2,'P',96,497,315,315,'',3),('Criar funcionalidade de hora prevista, restante e tempo gasto nas OS, por causa disso implementar o burndown chart que irá contabilizar as horas gastas de cada colaborador tendo como referencia as horas previstas para o sprint atual.',9,1,'G',97,497,315,315,'',6),('Adicionar conceito de tarefa que expira depois de determinado tempo, essa opção será definida na criação da tarefa.',9,2,'M',98,497,315,315,'',7),('Será adicionado feature de videoconferência à plataforma Cademint, para que aos poucos, a metodologia SCRUM seja cumprida por completo.\r\n\r\n- Estudar sobre a implementação de videoconferência.\r\n- Fazer testes.\r\n- Implementar.',9,1,'G',99,497,315,315,'',8),('Criar funcionalidade de caixa de entrada no menu, para a pessoa logada receber notificações sobre alguma tarefa colocada em seu nome e o respectivo projeto.',9,2,'M',100,497,315,315,'',9),('Adicionar funcionalidade de poder anexar arquivos (imagem) à tarefa para facilitar o entendimento do requisito.',9,1,'M',101,497,315,315,'',10),('Adicionar opção de verificação de email para evitar a criação de contas excessivas. Só criar a conta de fato após a confirmação.\r\n\r\nIsso precisará de: \r\n- Enviar email automatico para o email que a pessoa digitou.\r\n- Uma landing page que a pessoa é redirecionada quando clica na confirmação do email.\r\n- Nessa landing page através de um token, ou um código que é enviado no email, que permite a criação da conta com aquele email que foi cadastrado no começo.\r\n- Contas que forem criadas mas não tiverem email registrados, serão excluídos após 7 dias.',9,2,'G',102,497,315,315,'',11),('Criar filtros no kanbam por:\n\n- Responsável\n- Prioridade\n- Tamanho\n- Trecho do texto do problema',9,2,'M',103,497,315,315,'',4),('Criar o conceito de chat e de amigos.\r\n\r\nIntegrar isso com a video conferência e encontrar alguma forma das pessoas que participam desse grupo interagirem para que a videoconferência aconteça diariamente.',9,1,'G',104,497,315,315,'',12),('Atualizar o site da Cademint com novos videos mostrando o novo sistema.',12,2,'M',105,497,315,315,'',NULL),('Criação do design system junto com o Ricardo.',12,2,'G',106,497,315,315,'',NULL),('Fazer com que as colunas do kanbam não sejam mais estáticas, mas sim que o usuário possa criar e organizá-las.',11,1,'G',107,497,315,315,'',3),('Migrar o site da Cademint para o Netlify.',12,2,'P',108,497,315,315,'',NULL),('Quando uma pessoa exclui a conta, o grupo que pertencia a ela continua aparecendo para os outros usuarios e acaba quebrando o carregamento pois o grupo não existe mais.',12,2,'P',109,497,315,315,'',NULL),('Mudança dos icones do sistema para o google fonts ao invés do font awesome.',12,2,'M',110,497,315,315,'',NULL),('Correção do erro que não deixa o usuario criar um novo grupo.',12,2,'P',111,497,315,315,'',NULL),('troca das cores do sistema para receber o novo design futuramente.',12,2,'M',112,497,315,315,'',NULL),('Iniciar a implementação do design system',12,2,'G',113,497,1,3,'',NULL),('Fazer a implementação da tela principal do sistema.\r\n\r\n- Kanban\r\n- Abertura de Tarefa\r\n- Edição de tarefa\r\n\r\nA abertura e edição de uma tarefa serão feitas na página do kanban e não em páginas separadas como é hoje, seguir como está no design system\r\n\r\nhttps://www.figma.com/file/V7UQ3yvLokt234pVHWRffl/Cademint-Design-System?node-id=76%3A431',12,2,'M',114,497,315,3,'',NULL),('Criar ordenação das tarefas no kanban, para que sempre que eu mover uma tarefa de posição na mesma coluna permanecer aonde está',11,2,'P',115,497,315,3,'',2),('Fazer a implementação do design system para a tela de perfil',12,2,'G',116,497,315,315,'2022-05-01T20:16:32-03:00',NULL),('No responsivo, no modal de edição de tarefa, os botões da parte superior estão quebrando e ficando feios,\nprincipalmente quando o botão de salvar aparece',9,1,'P',118,497,2,315,'2022-05-04T19:37:54-03:00',13),('No responsivo, não está dando scroll nas colunas do kanban ',12,1,'P',120,497,2,315,'2022-05-04T19:39:34-03:00',NULL),('No responsivo, no card de nova tarefa, o container de responsáveis está escondido, como se a div externa estivesse com overflow hidden ',12,1,'P',121,497,2,315,'2022-05-04T19:40:29-03:00',NULL),('No responsivo, o card de nova tarefa está sem espaçamento e está muito largo, o mesmo acontece quando tem um card sozinho em uma coluna no responsivo',12,2,'P',122,497,315,315,'2022-05-05T10:50:46-03:00',NULL),('Definir os novos requisitos da cademint, ex: Conquistas, medalhas, níveis e cargos e ocupações. Definir qual será a estrutura dessas features e fazer prototipação no figma',12,1,'P',123,497,2,315,'2022-05-07T17:00:53-03:00',NULL),('Nova tarefa',2,1,'P',124,500,2,315,'2022-05-07T17:01:32-03:00',NULL),('teste ',1,1,'P',126,501,321,321,'2022-07-11T23:23:25-03:00',NULL),('Melhorar o tamanho da mensagem de nova versão e colocar todos os grupos da pessoa na listagem de grupos no perfil',12,2,'P',128,497,315,315,'2022-07-12T00:42:41-03:00',NULL),('Configurar conta nas seguintes plataformas:\n1 Whatsapp\n2 Facebook\n3 Instagram\n4 Pinterest\n5 LinkedIn\n6 Tico e Teco (hahaha)\n7 YouTube\n8 Twitter',14,1,'G',130,503,321,321,'2022-07-12T08:38:57-03:00',NULL),('Configurar conta de anuncios',13,1,'P',131,503,321,321,'2022-07-12T08:54:22-03:00',NULL),('Configurar conta de anuncios',13,1,'M',132,503,321,321,'2022-07-12T08:56:24-03:00',NULL),('Configurar Site (isca digital)',13,1,'G',133,503,315,321,'2022-07-12T08:58:20-03:00',NULL),('Configurar site para (BLOG)',13,1,'G',134,503,315,321,'2022-07-12T09:00:19-03:00',NULL),('Criar Logo ',13,1,'P',135,503,315,321,'2022-07-12T09:09:12-03:00',NULL),('Quando lista todos os grupos eu não consigo entrar na pagina de grupos que eu não sou o dono',12,2,'P',137,497,315,315,'2022-07-12T15:11:44-03:00',NULL),('Quando troca de projeto não está atualizando no header, também será preciso mudar a logica da pagina de perfil para permitir a entrada nos grupos que eu não sou dono',12,2,'P',138,497,315,315,'2022-07-12T19:01:14-03:00',NULL),('Iniciar desenvolvimento do visual e do modelo de dados do site',14,2,'G',140,503,315,315,'2022-07-15T23:14:34-03:00',NULL),('Modal de criação do grupo está com uma altura muito pequena, aumentar o min-height do container interno',12,2,'P',141,497,315,315,'2022-07-22T11:53:48-03:00',NULL),('Criar um wrapper para a listagem de usuarios no card de nova tarefa, também fazer com que ele não fique escondido pela div de baixo no responsivo',12,1,'M',145,497,2,315,'2022-07-22T11:56:23-03:00',NULL),('Fazer com que a rota \"\" redirecione para o login, para que a rota de não encontrado seja apenas em outros casos',12,2,'P',146,497,315,315,'2022-07-28T15:44:16-03:00',NULL),('Fazer com que após o carregamento do kanban a função que verifica se o drag de uma tarefa é permitido seja executada.',12,2,'P',147,497,315,315,'2022-07-28T16:18:47-03:00',NULL),('Implementar o novo visual da página de login e registro',12,1,'M',148,497,315,315,'2022-07-30T15:31:34-03:00',NULL),('Definição dos requisitos para realiazação do projeto Safo concursos.\n\nReferência: https://www.alfaconcursos.com.br/',22,2,'M',151,509,1,322,'2022-08-20T16:06:10-03:00',NULL),('Criação dos repositórios',21,1,'P',152,509,1,322,'2022-08-20T16:11:45-03:00',NULL),('Quando exclui um grupo nao esta excluindo o id do grupo da lista de grupos da pessoa no banco de dados, a exclusao do grupo em si esta funcionando.',12,2,'P',153,497,2,315,'2022-08-25T00:04:03-03:00',NULL),('Quando cria uma nova tarefa, e antes de fechar edita alguma coisa e salva, nao esta fazendo o loading automatico das tarefas, somente depois de alguns segundos a chamada acontece',12,2,'P',155,497,2,315,'2022-08-25T00:07:20-03:00',NULL),('O z index do container de selecao de algum campo da tarefa deve ser maior do que o campo de comentarios da tarefa, para ficar em cima',12,2,'P',156,497,2,315,'2022-08-25T00:08:19-03:00',NULL),('Quando vai criar uma nova tarefa ou salvar, esta demorando muito para acontecer, ver o porque isso ta acontecendo',12,2,'P',157,497,2,315,'2022-08-25T00:09:38-03:00',NULL),('As imagens nao estao sendo enviadas, ver o porque isso ta acontecendo',12,2,'P',158,497,2,315,'2022-08-25T00:11:11-03:00',NULL),('O botao de voltar para o login na pagina de termos de uso e politica de privacidade esta hoje redirecionando para o login, mesmo que o usuario esteja logado, fazer com que retorne a navegacao para a pagina anterior inves disso',12,1,'P',159,497,315,315,'2022-08-25T00:15:34-03:00',NULL),('Quando vc clica no wrapper da nova tarefa, em alguns momentos da falha na requisicao e nao cria a tarefa',12,1,'P',160,497,315,315,'2022-08-25T00:19:15-03:00',NULL),('Quando cria uma nova tarefa, e antes de fechar edita alguma coisa e salva, nao esta fazendo o loading automatico das tarefas, somente depois de alguns segundos a chamada acontece',12,2,'P',163,497,2,315,'2022-08-31T11:35:14-03:00',NULL),('Realizar a reunião geral da empresa',4,2,'P',164,510,315,315,'2022-09-02T10:36:50-03:00',NULL),('Quando clica pra mudar de projeto o kanban não está carregando',12,2,'P',165,497,2,315,'2022-09-02T10:37:25-03:00',NULL),('Quando muda de grupo, o kanban muda,  mas o modal de edição da tarefa permanece com o grupo anterior, assim como o nome do projeto não muda',12,2,'P',166,497,315,315,'2022-09-02T10:38:11-03:00',NULL),('Enviar orçamento para o cliente \n\nORÇAMENTO:\nRicardo - R$ 1.300,00\nSaymon - R$ 1.300,00\n\nTEMPO ESTIMADO: \n2 Semanas \n\nJÁ FOI PAGO:\nR$: 650,00 - Saymon\nR$: 650,00 - Ricardo',32,1,'P',173,513,2,323,'2022-11-21T11:33:38-03:00',NULL),('Estudar React JS \n- Componente \n- Styled Component \n- useEffect e useState\n- Typescript diferenças ',32,2,'P',174,513,315,323,'2022-11-21T11:55:42-03:00',NULL),('Alterar fluxo do formulário para abas \n\nMotivo: Não saber quando será compra ou venda',32,1,'P',175,513,323,323,'2022-11-21T11:57:10-03:00',NULL),('Encontrar a melhor maneira de desenvolver o Scroll \n\nOpções:\n- Biblioteca \n- Código puro',32,2,'M',176,513,315,323,'2022-11-21T11:58:11-03:00',NULL),('Melhorar o sistema interno da rabsystems para nossas demandas, pois vamos usar esse sistema para gerenciar assuntos internos e também interagir com clientes\n',32,2,'P',178,513,315,323,'2022-11-21T12:37:35-03:00',NULL),('Inserir chat na Rabsystems',32,1,'P',179,513,315,323,'2022-11-21T12:40:32-03:00',NULL),('Fazer com que a imagem que aparece no login seja baixada para a pasta do projeto, e não sendo requisitada externamente para obter um carregamento mais rápido',9,2,'P',181,497,2,315,'2022-11-22T17:35:01-03:00',14),('Quando altera várias propriedades da tarefa ao mesmo tempo, só está salvando uma ou duas',12,2,'P',182,497,315,315,'2022-11-22T17:38:17-03:00',NULL),('Quando está na tela de redefinir senha, mesmo colocando senhas diferentes, o sistema aceita e redefine colocando como prioridade a primeira senha digitada, colocar validação pra só deixar mudar senha se elas forem iguais',12,2,'P',183,497,315,315,'2022-11-22T17:45:55-03:00',NULL),('Na tela de redefinição de senha, não deixar o usuário digitar a senha anterior',12,1,'P',184,497,315,315,'2022-11-22T17:51:55-03:00',NULL),('Fazer a primeira sessão da home',32,2,'G',185,513,315,323,'2022-11-23T00:28:11-03:00',NULL),('Criar conceito de abas (subcategorias) de kanban dentro de cada grupo',9,2,'M',186,497,315,315,'2022-11-23T00:31:09-03:00',15),('Fazer as demais seções da home',32,2,'M',191,513,315,315,'2022-11-23T22:32:33-03:00',NULL),('O Usuário Cademint está aparecendo em todos os projetos, só deve aparecer no projeto de cademint',12,2,'P',192,497,315,315,'2022-11-23T22:33:35-03:00',NULL),('Implementar conceito de \"SPRINT\" que será categorizado como projeto (diferente do atual projeto que é grupo) e dentro dele contabilizar as horas totais de todas as tarefas daquele projeto e de cada pessoa, fazer também uma pagina de relatório pra cada item referente as horas gastas durante esse sprint',9,1,'G',193,497,315,315,'2022-11-23T23:13:36-03:00',16),('Estudar e implementar uma rede social complementar para a cademint, nessa rede social cada grupo terá um feed de noticias que será compartilhado por todos os integrantes do grupo, essa rede social vai se aliar com o chat e a video conferencia, para deixar a cademint mais dinâmica',9,1,'G',195,497,315,315,'2022-11-23T23:21:24-03:00',17),('implementar uma busca / filtro dentro de cada coluna do kanban, para poder procurar uma tarefa com um id especifico, usuario, prioridade, tamanho ou string do conteudo',9,1,'M',196,497,315,315,'2022-11-23T23:23:50-03:00',18),('Fazer a primeira, segunda e a terceira sessão da pagina \"servicos\"',32,1,'P',197,513,323,323,'2022-11-23T23:51:26-03:00',NULL),('Fazer a 4, 5 e 6 sessão da pagina \"Servicos\"',32,1,'P',198,513,323,323,'2022-11-25T00:08:42-03:00',NULL),('Criar a sessão de formulário na pagina \"Servicos\"',32,1,'P',199,513,323,323,'2022-11-25T00:09:04-03:00',NULL),('Concluir a estilização do footer da home e corrigir layout da pagina',32,2,'P',200,513,315,315,'2022-11-29T23:34:31-03:00',NULL),('Fazer o menu dropdown',32,2,'P',201,513,315,315,'2022-12-02T01:10:47-03:00',NULL),('Formulário',32,1,'P',202,513,2,323,'2022-12-06T01:06:54-03:00',NULL),('Realizar melhorias e correções discutidas na reunião com Ricardo:\n\n- imagens da seção wallet quebrar juntas com grid do bootstrap\n\n- trocar h1 das seções para h2 menos a primeira seção\n\n- alinhar textos de todas as seções\n\n- responsividade do header\n',32,2,'P',203,513,315,315,'2022-12-06T23:33:01-03:00',NULL),('Quando a pessoa entra em um grupo, o id dele deve vir na url para ser o primeiro grupo selecionado da pessoa no kanban',12,2,'P',204,497,315,315,'2022-12-07T22:28:58-03:00',NULL),('Terminar de desenvolver o sistema interno para que possa ser utilizado junto com o Ricardo para interação com os clientes',2,2,'G',206,510,315,315,'2022-12-08T15:41:52-03:00',NULL),('Refazer o site de apresentação da Rabsystems, conversar com Ricardo para ver o visual',1,1,'G',207,510,315,315,'2022-12-08T15:42:28-03:00',NULL),('Terminar o fluxo de conclusão da ordem de compra, enviar chat para o cliente avisando que a compra foi concluída',40,2,'P',208,516,315,315,'2022-12-08T15:43:21-03:00',NULL),('Testar todo o fluxo de ordem de compra pra ver se possui alguma falha, e também corrigir o responsivo de todas as páginas desse fluxo',40,2,'M',209,516,315,315,'2022-12-08T15:44:01-03:00',NULL),('Alterar a lógica do chat para sempre estar visível para acontecer a conversa rabsystems <=> cliente\n\n- Mudar essa lógica para que o chat mostre todas as mensagens daquele usuário, e não somente com o id daquela ordem de compra, pois o chat não vai mais ser segmentado por ordem de compra, e sim geral',40,2,'G',210,516,315,315,'2022-12-08T15:44:58-03:00',NULL),('Estudar viabilidade do pagamento poder ser feito e validado direto na plataforma, talvez com integração com alguma api de pagamento, se for possível implementar',37,1,'G',211,516,315,315,'2022-12-08T15:46:47-03:00',NULL),('Implementar videoconferência na rabsystems, para que a empresa e os clientes possam interagir de forma mais síncrona',40,2,'G',212,516,315,315,'2022-12-08T15:47:35-03:00',NULL),('Realizar correções na index do site da Bembit',32,1,'P',213,513,315,315,'2022-12-21T00:10:42-03:00',NULL),('Estudar e implementar uma forma de realizar o scroll horizontal que trave o vertical na seção de apresentação da api na index do site da Bembit',32,2,'M',214,513,1,315,'2022-12-21T00:11:57-03:00',NULL),('Melhorar responsividade da home',32,2,'P',215,513,315,315,'2022-12-28T18:59:49-03:00',NULL),('Testar as funcionalidades do chat e também otimizar, reduzir e organizar código, tanto no back end como no front end',40,2,'G',216,516,315,315,'2022-12-30T00:29:17-03:00',NULL),('Finalizar detalhes no site da Bembit',32,1,'P',217,513,2,323,'2022-12-30T13:01:33-03:00',NULL),('Colocar loading durante o login',40,2,'P',218,516,315,315,'2022-12-30T19:47:19-03:00',NULL),('Estilizar o componente de carregando do sistema',40,2,'P',222,516,315,315,'2023-01-08T20:13:03-03:00',NULL),('Reestruturação de todo o back-end aplicando as melhores técnicas e métodos para clean code e performance',40,2,'G',223,516,315,315,'2023-01-09T12:13:11-03:00',NULL),('Fazer a filtragem na lista de ordens de compra',40,2,'M',224,516,315,315,'2023-01-10T17:12:31-03:00',NULL),('implementar o auto login na tela de login, para quando tiver o jwt em localStorage fazer o login automatico',40,1,'P',225,516,315,315,'2023-01-10T18:23:17-03:00',NULL),('Videos fodas que merecem ser lembrados:\n\n- https://www.youtube.com/shorts/QKwD2hH5yXg (teu cu na reta, meu pau sem freio)\n\n- https://www.youtube.com/watch?v=jIAuKvh5yFM&ab_channel=HouseofMemes (uma hora de yamete kudasai)\n\n- https://www.youtube.com/watch?v=hrmTOA-THsk&ab_channel=Kleberiano (comedor de cu)\n\n- https://www.youtube.com/watch?v=AyOKdXapyYo&ab_channel=Kleberiano (chupacu)\n\n- https://www.youtube.com/watch?v=SrT9kv9-ukM&ab_channel=Kleberiano (acabou o papel)\n\n- https://www.youtube.com/watch?v=CIF-r7F2clc&ab_channel=Le%C3%B4ncioKazuma (EU VOU LHE ACHAR PIKOMON)\n\n- https://www.youtube.com/watch?v=L3N63dyIi70&ab_channel=KitsuneMusic (NIPAAAAH)\n\n- https://www.youtube.com/watch?v=nXtU_ckgnl4&ab_channel=JUAN_SHITPOSTER (Zóio falando arabe)\n\n- https://www.youtube.com/watch?v=WQVVMkzL51A&ab_channel=OMelhordaNet (Que belo pinto)\n\n- https://www.youtube.com/watch?v=TZz5wxFsLfQ&ab_channel=mcnegobamoficial (Taquei o piru na portuguesa)\n\n- https://www.youtube.com/watch?v=SqzQ9Ay68TE (o lado bom de ser gay)\n\n- https://www.youtube.com/shorts/3gHjJKnXtWw (What i\'ve done 11 de setembro)\n\n- https://www.youtube.com/watch?v=oK9jPmnGXjk (lula e bolsonaro cantando evidencias)\n\n- https://www.youtube.com/watch?v=msGQOO6f3h0\n(Dandadan clipe)\n\n- https://www.youtube.com/watch?v=H3hE7GfgQ2M\n(homem bomba destroi cidade)\n\n- https://www.youtube.com/watch?v=wfoosWvUsag\n(Eu virei vendedor de canela)',42,2,'G',226,523,315,315,'2023-01-16T00:19:33-03:00',NULL),('Fazer implementação de novas funcionalidades no chat ex: responder mensagem, anexar documentos, etc',37,1,'G',227,516,315,315,'2023-01-27T00:26:37-03:00',NULL),('Videos com musicas perfeitas\n\n- https://www.youtube.com/watch?v=j1Xf7AxO2a0&ab_channel=albie (Shigatsu Wa Kimi No Uso Medley)\n\n- https://www.youtube.com/watch?v=fSrj0VzLxBc&ab_channel=%E3%81%AB%E3%81%97%E3%81%93 (Ichiban no Takaramono - by LISA)\n\n- https://www.youtube.com/watch?v=beamS4GZ5T8\n(cover Le festin ratatouille)\n\n- https://www.youtube.com/watch?v=JvCpCg0sGkg \n(Elfen lied - Lilium Cover)\n\n- https://www.youtube.com/watch?v=PLOdNPbm__k \n(Steins;Gate Emotional Collection)\n\n- https://www.youtube.com/watch?v=LEuSwUcxrHk\n(otonoke female version)\n\n- https://www.youtube.com/watch?v=kV_mnNYzmys\n(bring me to life - Miku cover)\n\n- https://www.youtube.com/watch?v=d-j0dONAV2g&ab_channel=KomodoEMNews (In The End 2018)\n\n- https://www.youtube.com/watch?v=0K5X2EKIdSk\n(Jhonny B. Goode Cover Kfir Ochaion)',42,2,'G',228,523,315,315,'2023-01-27T10:01:48-03:00',NULL),('Terminar de desenvolver o front-end do site de apresentação da visual novel Power Stones',47,2,'M',229,524,315,315,'2023-02-12T17:03:11-03:00',NULL),('Fazer a prototipação visual da tela de boas vindas da visual novel, onde tem o menu e algumas opções como\n\n- Novo jogo\n- Continuar (Se a pessoa já tiver iniciado anteriormente a visual novel)\n- Opções\n- Sobre',47,2,'M',230,524,315,315,'2023-02-12T17:04:42-03:00',NULL),('Desenvolver a tela inicial da visual novel que ja foi prototipada, e certificar que seja totalmente responsivo',47,2,'M',231,524,315,315,'2023-02-12T17:20:25-03:00',NULL),('Prototipar a tela de loading da visual novel, será algo semelhante com a tela de carregamento do genshin impact,\ncom algumas dicas / curiosidades / fatos sobre a visual novel aparecendo',47,2,'P',232,524,315,315,'2023-02-12T17:20:56-03:00',NULL),('Refazer o visual do portfólio no figma',52,2,'G',233,525,315,315,'2023-02-25T18:41:50-03:00',NULL),('Construir o portfólio com vue.js e utilizando bibliotecas mais recentes',52,2,'P',234,525,315,315,'2023-02-25T18:43:40-03:00',NULL),('Publicar portfólio no netlify',52,1,'P',235,525,315,315,'2023-02-25T18:43:59-03:00',NULL),('Fazer com que as mensagens so sejam visualizadas caso a pessoa esteja online e nao como out',37,1,'P',236,516,315,315,'2023-03-08T20:07:15-03:00',NULL),('Refazer o visual do site da rabsystems no figma',56,2,'M',237,526,315,315,'2023-03-13T11:08:19-03:00',NULL),('Fazer o header do site, fazer também toda a responsividade do menu',56,1,'P',238,526,315,315,'2023-03-13T11:18:03-03:00',NULL),('Criar a home, com a animação interativa do globo terrestre',56,2,'P',239,526,315,315,'2023-03-13T12:29:47-03:00',NULL),('Fazer a seção de clientes, junto com a animação',55,1,'P',240,526,315,315,'2023-03-13T13:56:11-03:00',NULL),('Fazer com que api aceite duas urls, uma para o site e outra para o app',40,2,'P',242,516,315,315,'2023-03-13T18:49:04-03:00',NULL),('Fazer a seção de serviços, junto com a animação',56,1,'P',243,526,315,315,'2023-03-13T21:53:52-03:00',NULL),('Criar a seção para entrar em contato e o formulario, também colocar a animação no final',56,1,'P',244,526,315,315,'2023-03-13T22:02:47-03:00',NULL),('Fazer a seção sobre',56,1,'P',245,526,315,315,'2023-03-13T22:03:07-03:00',NULL),('Criar o footer do site',56,1,'P',246,526,315,315,'2023-03-13T22:03:22-03:00',NULL),('ligar todos os links aos respectivos caminhos, o que for ancora, fazer rolagem suave',56,1,'P',247,526,315,315,'2023-03-13T22:03:55-03:00',NULL),('adicionar o slim scroll, para melhorar o visual do scroll da pagina',56,1,'P',248,526,315,315,'2023-03-13T22:04:25-03:00',NULL),('Quando clica fora ou aperta enter para criar a tarefa, se fazer isso duas vezes bem rapido acaba criando duas tarefas iguais',9,2,'P',250,497,315,315,'2023-03-13T22:05:13-03:00',19),('Criar endpoint para o cadastro na newsletter, será preciso também criar uma tabela para armazenar as informações do cliente',56,1,'G',251,526,315,315,'2023-03-13T22:05:53-03:00',NULL),('Criar ou melhorar um endpoint ja existente para conectar com o formulário de pedido de orçamento do site',56,1,'M',252,526,315,315,'2023-03-13T22:06:26-03:00',NULL),('Em alguns momentos, existem tarefas que estão sumindo e não são atualizadas no kanban, mesmo que retornem no objeto, ver porque as colunas não estao sendo atualizadas',9,2,'P',254,497,315,315,'2023-03-17T22:30:44-03:00',20),('Criar modal de convidar usuarios, fazer com que envie uma notificação no sistema se o usuario estiver online, e se não estiver envia um email',37,1,'P',255,516,315,315,'2023-03-17T23:48:05-03:00',NULL),('Higienizar, componentizar e melhorar o código da api da Cademint, implementar o conceito de services, onde somente no service existe código SQL, e não nas rotas',12,2,'G',256,497,315,315,'2023-03-17T23:50:31-03:00',NULL),('Criar Redes sociais da Rabsystems, com banners, posts iniciais mostrando a utilidade e facilidade da Rabsystems, e os beneficios que ela pode trazer, linkar essas redes sociais nos links do site',56,2,'P',259,526,315,315,'2023-03-18T15:19:00-03:00',NULL),('implementar a gravação local de conferencia usando o parametro localRecording no Jitsi',40,1,'P',260,516,315,315,'2023-03-20T15:54:50-03:00',NULL),('Fazer com que no ato de clicar no item do menu, não recarregue a pagina toda, mas faça o reload do arquivo do telInput e também feche o menu lateral',40,1,'P',263,516,315,315,'2023-03-20T17:38:53-03:00',NULL),('Corrigir z index do botao de sair, e também colocar um wrapper para o chat, quando clicar fora do chat deve fechar ele',40,1,'P',264,516,315,315,'2023-03-20T17:39:26-03:00',NULL),('Botão para inserir o pagamento não está aparecendo para o usuario master',40,2,'P',265,516,315,315,'2023-03-20T17:40:45-03:00',NULL),('Corrigir o horário relativo do pedido para utc e depois comparar com a hora local, pois esta acontecendo o seguinte, llogo que eu crio um pedido, aparece há 3 horas',40,1,'P',266,516,315,315,'2023-03-20T17:43:29-03:00',NULL),('A mensagem no chat, o tempo relativo esta quebrando, corrigir a largura para fazer a previa do conteudo da mensagem ficar dinamica, conforme a largura disponível excluindo a largura do nome e do tempo relativo',40,2,'P',267,516,315,315,'2023-03-20T17:46:19-03:00',NULL),('Implementar o google analytcs no site para rastrear as visitas',56,1,'P',268,526,315,315,'2023-03-22T15:46:24-03:00',NULL),('Implementar o pixel do facebook no site da rabsystems',56,1,'P',269,526,315,315,'2023-03-22T16:25:16-03:00',NULL),('Criar repositório do app',60,1,'P',270,527,315,315,'2023-03-27T23:10:32-03:00',NULL),('Iniciar projeto ionic',60,1,'P',271,527,315,315,'2023-03-27T23:10:48-03:00',NULL),('Fazer a identidade visual do app, logo, imagens',60,1,'P',272,527,315,315,'2023-03-27T23:11:14-03:00',NULL),('Criar prototipação do aplicativo no figma',60,1,'P',273,527,315,315,'2023-03-27T23:11:36-03:00',NULL),('Desenvolver tela inicial e telas de login e registro (apenas visual)',60,1,'P',274,527,315,315,'2023-03-27T23:12:24-03:00',NULL),('Desenvolver telas de conexão (apenas visual)',60,1,'P',275,527,315,315,'2023-03-27T23:12:38-03:00',NULL),('Implementar sistema de créditos na plataforma, onde uma pessoa pode recarregar créditos com dinheiro, ou ganhar creditos indicando amigos para conhecerem a plataforma, fazer paginas onde explicam o funcionamento e criar toda a estrutura necessária',37,1,'G',276,516,315,315,'2023-04-06T11:51:31-03:00',NULL),('Fazer visual da seção de creditos da plataforma',53,2,'P',277,526,315,315,'2023-04-06T11:52:12-03:00',NULL),('Implementar seção de creditos da plataforma que ja foi prototipada',53,1,'P',278,526,315,315,'2023-04-06T11:52:39-03:00',NULL),('Implementar uma maneira de poder editar as informações do grupo como nome, imagem, descrição',12,1,'P',279,497,315,315,'2023-04-06T11:56:09-03:00',NULL),('Modernizar o dropdown de seleção de grupos para um container contendo uma lista com o nome e a imagem dos grupos, prototipar primeiro',11,2,'M',280,497,315,315,'2023-04-06T12:00:39-03:00',1),('Procurar em todos os locais do sistema que mostra copyright 2022 e alterar para 2023, aproveitar para fazer esse ano ficar dinamico conforme o ano do javascript, para não ter que ficar mudando sempre no futuro',9,1,'P',281,497,315,315,'2023-04-06T12:01:48-03:00',21),('Criar utilitario para envio de emails de newsletter para a base de dados que ja existe, nesse utilitario eu poderei editar o email usando uma ferramenta de criação, onde eu posso anexar imagens, textos, links, e poder salvar esses templates, para utilizar eles no back-end para enviar para as pessoas',40,2,'G',282,516,315,315,'2023-04-06T12:36:05-03:00',NULL),('No mouseover dos itens do chat, o avatar esta com uma borda branca estranha',40,1,'P',283,516,315,315,'2023-04-08T18:35:10-03:00',NULL),('No chat, o nome da pessoa esta colado no avatar',40,2,'P',284,516,315,315,'2023-04-08T18:35:44-03:00',NULL),('Implementar o i18n no sistema para o idioma ingles ser exibido conforme as configurações do navegador ou preferencia do perfil, sempre a preferência do perfil vai ter prioridade, mas se não tiver uma preferencia do perfil definida, vale a linguagem do navegador',40,1,'P',285,516,315,315,'2023-04-15T13:58:54-03:00',NULL),('Implementar o i18n no site para o idioma ingles ser exibido conforme as configurações do navegador ou preferencia do perfil, sempre a preferência do perfil vai ter prioridade, mas se não tiver uma preferencia do perfil definida, vale a linguagem do navegador',53,1,'P',286,526,315,315,'2023-04-15T13:59:19-03:00',NULL),('Fazer a implementação dos headers padrão do axios, para passar sempre o jwt e a linguagem do cara, pra n precisar sempre que for fazer uma requisição, colocar eles no header na mao',40,1,'P',287,516,315,315,'2023-04-20T00:03:20-03:00',NULL),('Fazer a tradução da API',40,1,'P',288,516,315,315,'2023-04-20T00:04:36-03:00',NULL),('Correção dos calculos dos valores dos pedidos',40,1,'P',290,516,315,315,'2023-04-23T23:54:57-03:00',NULL),('Fazer uma seção para enviar mensagens para o futuro',40,1,'P',291,516,315,315,'2023-05-10T16:08:43-03:00',NULL),('Corrigir o reponsivo do site, o conteudo esta escapando da tela e aparecendo overflow horizontal',56,2,'P',292,526,315,315,'2023-05-24T19:41:55-03:00',NULL),('Fazer a prototipação do site',64,2,'G',293,528,315,315,'2023-06-02T20:12:08-03:00',NULL),('Criar repositório do site',64,2,'P',294,528,315,315,'2023-06-02T20:12:30-03:00',NULL),('Fazer o desenvolvimento da home do site',64,1,'P',295,528,315,315,'2023-06-02T20:13:08-03:00',NULL),('Gravar o video de apresentação da Cademint, estudar como fazer isso, se vai ser uma pessoa apresentando o video, ou se vai ser alguma animação, estilo Mokaly, com alguem narrando',64,1,'P',296,528,315,315,'2023-06-02T20:14:00-03:00',NULL),('Desenvolver seção sobre da Cademint',64,1,'P',297,528,315,315,'2023-06-02T20:14:20-03:00',NULL),('Desenvolver seção de recursos da Cademint',64,1,'P',298,528,315,315,'2023-06-02T20:14:34-03:00',NULL),('Desenvolver seção de preços da Cademint',64,1,'P',299,528,315,315,'2023-06-02T20:14:54-03:00',NULL),('Desenvolver a seção dos acordeões',64,1,'P',300,528,315,315,'2023-06-02T20:15:12-03:00',NULL),('Desenvolver o rodapé do site',64,1,'P',301,528,315,315,'2023-06-02T20:15:27-03:00',NULL),('Desenvolver a página de política de privacidade',64,1,'P',302,528,315,315,'2023-06-02T20:15:51-03:00',NULL),('Desenvolver a página de termos de uso',64,1,'P',303,528,315,315,'2023-06-02T20:16:03-03:00',NULL),('Fazer os ajustes finais, linkar paginas, links, corrigir bugs de javascript, bugs visuais, fazer uma revisão geral',64,1,'P',304,528,315,315,'2023-06-02T20:16:56-03:00',NULL),('Fazer o deploy do site no netlify',64,1,'P',305,528,315,315,'2023-06-02T20:17:10-03:00',NULL),('Ainda está ocorrendo o bug que faz o card recém criado não aparecer no kanban quando fecha o modal lateral de edição',9,2,'P',306,497,315,315,'2023-06-02T20:18:26-03:00',22),('Fazer um pente fino e ajustar a responsividade da página, é imprescindível que o site seja 100% responsivo',64,2,'P',307,528,315,315,'2023-06-09T22:34:05-03:00',NULL),('Criação do CTA na index',64,1,'P',308,528,315,315,'2023-06-09T22:53:25-03:00',NULL),('Adicionar o site da IEQ Farol na area dos clientes',56,1,'P',309,526,315,315,'2023-06-12T22:42:45-03:00',NULL),('Reformular visual da seção de clientes do site da Rabsystems, talvez criar um carousel com as logos de cada cliente, que sao links para os respectivos sites, isso será útil principalmente quando tiverem mais clientes',56,2,'M',310,526,315,315,'2023-06-12T22:47:05-03:00',NULL),('Fazer com que o Kanban seja customizável, terão algumas cores e imagens default para o fundo do kanban, e quando tiver fundo diferente de cores solidas, as colunas terao aspecto de vidro, se o usuario quiser fazer upload da propria imagem customizada no kanban, precisará do plano pago',9,1,'G',311,497,315,315,'2023-06-12T22:50:43-03:00',23),('Criar todo o suporte no sistema para os 3 planos que foram definidos para a Cademint.\n\n- Plano Free \nTerá limite de criação de 3 projetos e apenas 3 participantes por projeto, kanban customizável sem a opção de fazer upload de imagem personalizada\n\n- Plano Worker\nLimite de 7 projetos e 7 participantes por projeto, além de poder fazer o upload de imagens customizadas para o kanban\n\n- Plano Custom\nLimite de projetos e usuários será customizado e definido conforme acordado com o cliente',9,2,'G',312,497,315,315,'2023-06-12T22:53:36-03:00',24),('No formulario de pedido de orçamento do site da Rabsystems, fazer com que quando o usuário clicar no botão enviar, o botão fique disabled e apareça um loading',56,2,'P',313,526,315,315,'2023-06-15T22:34:08-03:00',NULL),('Fazer com que ao terminar de enviar a mensagem no formulario de pedido de orçamento, o usuario seja redirecionado para uma página de obrigado ao invés de mostrar o feedback na tela, para poder linkar no google ads e saber quando a pessoa enviou uma mensagem',56,2,'P',314,526,315,315,'2023-06-15T22:35:42-03:00',NULL),('Fazer com que o container de \"Sair\" fique alinhado ao bottom do avatar',40,1,'P',315,516,315,315,'2023-06-19T23:16:49-03:00',NULL),('Fazer com que o ato de enviar uma mensagem pelo site, cadastre o email coletado da pessoa na tabela de newsletter, para envio de emails no futuro',56,1,'P',316,526,315,315,'2023-06-21T23:41:26-03:00',NULL),('Criar rota para descadastramento da newsletter, onde o usuário poderá remover o email da tabela de newsletter caso ele não queira mais receber os emails de marketing\n\n(O acesso para descadastrar, será em links pequenos dentro de todos os emails de marketing)\n\nem usuarios do sistema, tera uma opção dentro do perfil que ativa ou desativa a newsletter, ja existe o campo na tabela que diz se o usuario quer ou nao assinar a newsletter\n',37,1,'P',317,516,315,315,'2023-06-21T23:43:10-03:00',NULL),('Criar checkbox para receber newsletter quando o usuário está criando a conta dele no sistema',37,1,'P',318,516,315,315,'2023-06-21T23:45:58-03:00',NULL),('Implementar o endpoint para contato dentro do sistema, hoje existe o modulo contato mas nao faz nada.\n\nE também criar uma página de acompanhamento dos pedidos, tanto para os pedidos da pessoa quando o gerenciamento de pedidos da rabsystems',40,1,'P',319,516,315,315,'2023-06-23T23:41:58-03:00',NULL),('No admin, na fila de emails, adicionar uma coluna de data de envio do email, como tempo relativo, e poder ordenar os items atraves da data de envio',40,1,'P',320,516,315,315,'2023-06-26T10:23:11-03:00',NULL),('Fazer reunião com equipe marketing',65,1,'P',321,529,315,315,'2023-06-26T22:07:14-03:00',NULL),('Desenvolvimento de um novo site corporativo',68,2,'P',322,529,1,315,'2023-06-26T22:07:59-03:00',NULL),('Planejamento e execução de uma campanha de marketing',68,1,'P',323,529,2,315,'2023-06-26T22:08:22-03:00',NULL),('Pesquisa de mercado para identificar oportunidades de negócios',67,2,'P',324,529,2,315,'2023-06-26T22:08:38-03:00',NULL),('Configuração e otimização de campanhas de publicidade online',66,2,'P',325,529,315,315,'2023-06-26T22:09:03-03:00',NULL),('Realização de treinamentos e workshops para os funcionários',66,1,'P',326,529,2,315,'2023-06-26T22:09:26-03:00',NULL),('Monitoramento e análise dos dados de desempenho do site e das redes sociais da empresa',68,2,'P',327,529,1,315,'2023-06-26T22:09:47-03:00',NULL),('Tornar a funcionalidade de conectar ao wifi do chatnet e iniciar um roteador etapas manuais, dar apenas instruções para o usuario fazer isso, pois os plugins que existem para manusear o WIFI não funcionam direito ou estão descontinuados',59,2,'P',329,527,315,315,'2023-07-11T22:27:03-03:00',NULL),('Tornar a opção de videoconferencia invisivel no menu, pois precisamos hospedar o jitsi em nosso proprio servidor, e no momento isso não é possível',40,1,'P',330,516,315,315,'2023-07-12T21:14:31-03:00',NULL),('Criar as telas da seção de mensagens, primeiro apenas o front',59,2,'M',331,527,315,315,'2023-07-16T13:00:19-03:00',NULL),('Desenvolver o front da tela de perfil',59,2,'P',332,527,315,315,'2023-07-18T23:01:28-03:00',NULL),('Criar roteiro do primeiro video do canal:\n\n- Maiores mitos sobre programação\n',74,2,'M',334,531,315,324,'2023-07-20T11:29:51-03:00',NULL),('Gravar as narrações do primeiro video',73,2,'M',336,531,1,315,'2023-07-20T11:32:16-03:00',NULL),('Fazer a edição do primeiro video, com todas as midias e informações descritas no roteiro',73,2,'G',337,531,1,315,'2023-07-20T11:32:48-03:00',NULL),('Criar as artes do canal e o canal em si',73,1,'M',338,531,315,315,'2023-07-20T11:33:20-03:00',NULL),('Publicar o primeiro video no canal do yt',73,1,'P',339,531,315,315,'2023-07-20T11:33:39-03:00',NULL),('Criar redes sociais da CodeSquad, facebook, instagram, tiktok',73,1,'M',340,531,1,315,'2023-07-20T11:34:13-03:00',NULL),('Reformular a arquitetura do banco de dados para a questão dos grupos, ao invés de ter um campo dentro dos grupos ou dos usuarios contendo os ids 123,456,789 criar tabelas para participantes de grupos e de grupos do usuario, onde cada registro da tabela vai ser um item seja de grupo que o usuario pertence ou outra coisa, para que não precise mais fazer for dentro do back-end para incluir um novo grupo em um usuario',12,2,'G',342,497,315,315,'2023-07-20T11:38:05-03:00',NULL),('Adicionar conceito de que usuarios do mesmo grupo possam ver o perfil um do outro, pois hoje tem o perfil da pessoa, com foto, descricao e ate capa, mas ngm consegue ver. Para usuarios que nao são do mesmo grupo, implementar alguma forma de reconhecer pessoas, talvez uma página para descobrir pessoas aptas pra entrar no projeto',9,1,'G',343,497,315,315,'2023-07-20T11:43:04-03:00',25),('Colocar um loading, assim como acontece na pagina inicial do kanban, na pagina de perfil ou grupos, pois enquanto está carregando, os elementos ficam vazios dando uma cara de que o sistema está mal construído',9,2,'M',344,497,315,315,'2023-07-20T11:44:43-03:00',26),('Reformular as telas de aceitar convite para grupo e outras telas legado no sistema, para o novo padrão visual',9,2,'M',345,497,315,315,'2023-07-20T11:47:14-03:00',27),('Criar o ADMIN da cademint, para que possa ter funções que somente EU posso alterar no sistema, como utilitario de envio de emails e newsletter, como ja existe na Rabsystems',9,2,'G',346,497,315,315,'2023-07-20T11:48:09-03:00',28),('Criar conceito de inativar grupos se eu for o dono, e se eu for participante do grupo, de eu poder arquivar ele, para que ele não apareça mais no dropdown de grupos mas eu ainda faça parte dele e para reativar eu preciso ir em perfil',9,1,'M',347,497,315,315,'2023-07-20T11:49:37-03:00',29),('Fazer com que quando uma pessoa adiciona alguem no grupo, ela pode definir se a pessoa vai ser membro apenas ou admin, se for admin a pessoa adicionada também poderá alterar as configurações do grupo como nome, descrição, foto',9,2,'M',349,497,315,315,'2023-07-20T11:56:48-03:00',30),('Criar conceito de grupos públicos, onde qualquer pessoa pode se juntar a ele e colaborar com o projeto, criar também uma pagina para que o usuario possa descobrir esse grupo',9,1,'G',350,497,315,315,'2023-07-20T11:57:47-03:00',31),('Nas abas do grupo (projeto) que ainda serão criadas, criar uma aba para novidades, discussões, etc, inclusive criar um grupo público onde todo usuario que criar conta será colocado automaticamente, que será o grupo de Notícias e Atualizações da Cademint, mas esse será um grupo especial, pois terá apenas a aba de noticias e discussões, também terá uma aba para que os usuarios possam reportar bugs, cada comentario dessa aba será automaticamente transformado em uma tarefa aguardando aprovação (que será um status do kanban default do projeto de Cademint), onde eu poderei analisar o requisito e se for pertinente aprovar, para que se torne uma tarefa a se fazer, sera categorizada como bug ou melhoria conforme o comentário da pessoa que fez, e esses cards terão uma flag que indique que foi feita por um usuario, e tarefas com essa flag terão a aba de comentarios da tarefa transformados em um feedback, quando eu comentar nessa tarefa, a pessoa que fez o comentário receberá a resposta la na pagina de bugs e sugestoes e ela recebeerá uma notificação na caixa de entrada indicando que a solicitação dela foi respondida',9,1,'G',351,497,315,315,'2023-07-20T12:03:17-03:00',32),('Criar sitemap do app',3,2,'M',352,532,315,315,'2023-07-27T21:24:58-03:00',NULL),('Criar estrutura de banco de dados, tabelas, colunas, FK e os relacionamentos',3,2,'M',353,532,315,315,'2023-07-27T21:25:41-03:00',NULL),('UX - Criar visual da página de login',3,2,'M',354,532,315,315,'2023-07-27T21:26:21-03:00',NULL),('Criar conceito de tarefas pai e filhas, e poder ter toda essa ramificação',9,1,'G',355,497,315,315,'2023-07-27T21:27:06-03:00',33),('UX - Criar visual da página de registro',3,1,'P',356,532,315,315,'2023-07-27T21:27:42-03:00',NULL),('UX - criar visual da página de criação de empresa e suas etapas',2,1,'P',357,532,315,315,'2023-07-27T21:28:02-03:00',NULL),('UX - criar visual para gerenciamento de estoque, alterar quantidade de produtos e relatorio\n',1,1,'P',358,532,315,315,'2023-07-27T21:28:34-03:00',NULL),('UX - Criar página de venda, com carrinho de compras, todas as funções de um PDV, pagamentos, total, descontos, feedbacks',1,1,'P',359,532,315,315,'2023-07-27T21:29:47-03:00',NULL),('UX - Criar páginas de gerenciamento de vendas, detalhes de venda, historico, relatorios',1,1,'P',360,532,315,315,'2023-07-27T21:30:31-03:00',NULL),('UX - Criar página de produtos, onde posso cadastrar, alterar, ver os detalhes e a lista completa de produtos cadastrados',1,1,'P',361,532,315,315,'2023-07-27T21:31:04-03:00',NULL),('UX - Fazer página de clientes, onde eu posso listar os clientes, ver os detalhes de cada um e alterar ou remover',1,1,'P',362,532,315,315,'2023-07-27T21:31:29-03:00',NULL),('UX - Criar páginas de relatórios (relatório de vendas, estoque)',1,1,'P',363,532,315,315,'2023-07-27T22:14:29-03:00',NULL),('UX - Criar páginas de configurações, alterar informações da empresa, lista, criação, alteração e remoção de usuarios, categorias de produtos, formas de pagamento',1,1,'P',364,532,315,315,'2023-07-27T22:15:12-03:00',NULL),('Criar o design system do app pdvcash, fontes, cores',3,2,'M',365,532,315,315,'2023-07-27T22:16:35-03:00',NULL),('Adicionar o socket.io para fazer a comunicação',59,2,'M',366,527,315,315,'2023-07-31T21:32:52-03:00',NULL),('Criar tela inicial da visual novel, e a tela de inicio de capitulo',47,2,'M',367,524,315,315,'2023-08-06T00:44:53-03:00',NULL),('Criar todo o sistema da visual novel, tela inicial, tela inicial do capitulo, telas de cada cena, tela de final de capítulo',47,2,'G',368,524,315,315,'2023-08-06T16:23:55-03:00',NULL),('Fazer com que o container do header da visual novel desapareça caso o usuario solicite a tela cheia, e volte quando voltar a tela, fazer ele aparecer no responsivo também.',47,1,'P',369,524,315,315,'2023-08-06T16:26:48-03:00',NULL),('Criar telas de login, registro e perfil, linkar com a pagina da visual novel',47,1,'P',370,524,315,315,'2023-08-12T00:03:28-03:00',NULL),('Criar o banco de dados, lembrar de criar as novas tabelas e propriedades condizentes com todas as funcionalidades, tanto do site, quando da visual novel e do perfil',45,1,'P',372,524,315,315,'2023-08-12T00:05:09-03:00',NULL),('Quando cria uma tarefa, esta quebrando pq n ta achando o id_usuario para mandar pro modal de criacao de tarefa, mapear o q esta dando erro e corrigir',9,2,'P',373,497,315,315,'2023-08-12T00:06:02-03:00',34),('Criar o back end, as rotas, as funcoes de enviar arquivo',45,1,'P',374,524,315,315,'2023-08-12T00:13:44-03:00',NULL),('Criar as páginas de admin do site de Power Stones para criação da light novel, capítulos, cenas, escolhas, toda a regra que se escolher uma opção a proxima cena é uma diferente e tal',47,1,'G',375,524,315,315,'2023-08-12T00:14:30-03:00',NULL),('Terminar o visual das paginas de perfil',47,2,'P',376,524,315,315,'2023-08-12T00:15:30-03:00',NULL),('Convidar a Mizuki para esse grupo, mas antes corrigir o sistema de login da cademint e verificar se nao existe um problema que impeça o usuario de usar',45,2,'P',377,524,315,315,'2023-08-16T16:16:09-03:00',NULL),('URGENTE: Está dando erro de max_connection no banco de dados, ver por que isso está ocorrendo, talvez seja alguma função do back end q n está fechando a conexão com o banco',12,2,'P',378,497,315,315,'2023-08-16T16:24:45-03:00',NULL),('Criar as tarefas que representam cada etapa do desenvolvimento do projeto',45,2,'M',379,524,315,315,'2023-08-16T16:25:39-03:00',NULL),('Criar o front-end da seção de perfil e de admin',47,2,'P',380,524,315,315,'2023-08-16T22:52:33-03:00',NULL),('Criar uma inteligência artificial que possa interagir com o usuário e ajudar ele a usar a plataforma',9,1,'P',382,497,2,315,'2023-08-23T23:43:57-03:00',35),('O modal de troca de projetos não está funcionando no responsivo',9,2,'P',383,497,2,315,'2023-08-23T23:46:42-03:00',36),('Criar repositórios do front e do back',84,2,'P',384,535,2,315,'2023-11-11T20:12:50-03:00',NULL),('Reunião com João Marques para definição dos requisitos, definição do sprint de trabalho',84,2,'M',385,535,1,315,'2023-11-11T20:14:25-03:00',NULL),('Modelagem do Banco de dados, criação de tabelas, índices, relacionamentos, etc\n\nFazer o script e conectar o banco ao back-end',84,1,'G',386,535,2,315,'2023-11-11T20:15:26-03:00',NULL),('Criação do projeto do front, estruturação de pastas, arquivos, estruturar as variáveis css e deixar compilavel',84,1,'M',387,535,315,315,'2023-11-11T20:16:47-03:00',NULL),('Criação do back end da aplicação, estruturação de funções, rotas, pré conexão com o Banco de dados, proteções do servidor',84,2,'M',388,535,2,315,'2023-11-11T20:17:38-03:00',NULL),('shielded-daisy-mdsxzqd1ce738agjnje02m3t.herokudns.com (codigo dns para colocar no registro br e apontar para a url do core teste)',84,2,'P',389,535,315,315,'2023-11-14T01:10:05-03:00',NULL),('FRONT - Criar o frame do sistema, header, menu lateral',84,1,'P',392,535,315,315,'2023-11-15T17:44:20-03:00',NULL),('FRONT - Criar as páginas de login e registro',84,1,'P',393,535,315,315,'2023-11-15T17:44:38-03:00',NULL),('BACK - Criar rotas de registro e login no sistema e integrar o registro e login no sistema e deixar funcional',84,1,'P',394,535,2,315,'2023-11-15T17:46:33-03:00',NULL),('Criar tabelas de permissões, o que cada perfil pode fazer no sistema',84,1,'P',395,535,2,315,'2023-11-15T17:47:20-03:00',NULL),('Criar tabela de módulos do sistema, e tabela auxiliar se a empresa possui o módulo contratado',84,1,'P',396,535,2,315,'2023-11-15T17:47:50-03:00',NULL),('FRONT - Melhorias na dinâmica do frame do sistema, animações para fechar e abrir menu, slot para comportar os componentes filhos da rota mãe /home',84,1,'P',397,535,315,315,'2023-11-18T01:02:05-03:00',NULL),('FRONT - Criação do componente de grid e compmonente de modal, criar de uma forma que eles fiquem dinamicos e de facil implementação',84,1,'P',398,535,315,315,'2023-11-18T23:35:13-03:00',NULL),('Corrigir bug que não está armazenando as fotos de perfil no banco de dados, estao subindo para o bucket da amazon mas não esta gravando a url em banco',12,2,'P',399,497,1,315,'2023-11-18T23:46:25-03:00',NULL),('BACK - Criar rotas de cadastro de empresas, e atribuição do usuario admin',84,1,'P',400,535,2,315,'2023-11-20T21:37:37-03:00',NULL),('Corrigir bug que não deixa excluir solicitações para entrar no grupo, e ver tamém pq acho q n esta enviando o email',9,2,'P',401,497,315,315,'2023-11-22T13:15:43-03:00',37),('Fazer a area de configurações da empresa para alterar a foto de perfil, paleta de cores etc',84,1,'M',402,535,315,315,'2023-11-24T20:16:06-03:00',NULL),('TEMPLATE DE EMAIL > Criar template para email enviado quando cria uma empresa, para requisitar o usuario admin',84,2,'M',403,535,315,315,'2023-11-24T23:26:15-03:00',NULL),('Corrigir o layout do template do email de requisitar o usuario para ser admin da empresa',84,1,'P',404,535,315,315,'2023-11-26T17:44:52-03:00',NULL),('Na rota de registro, ver se chegou na url o token do admin, para inserir o id do usuario criado na tabela de admin_empresas',84,1,'P',405,535,315,315,'2023-11-26T17:46:05-03:00',NULL),('Retornar nos objetos de empresa, o email do usuario admin, e na alteração de uma empresa, bloquear o campo de email do admin, para nao poder mudar',84,1,'P',406,535,315,315,'2023-11-26T17:46:37-03:00',NULL),('Fazer um visual bacana pro loading da pagina do gourmetech',84,1,'P',407,535,315,315,'2023-11-29T10:02:23-03:00',NULL),('FRONT > Fazer tela de cadastro de cargos',84,1,'P',408,535,315,315,'2023-11-29T18:49:19-03:00',NULL),('BACK > Fazer back, rotas, tabelas e tabela de permissão para os cargos criados pela empresa',84,2,'M',409,535,315,315,'2023-11-29T18:52:00-03:00',NULL),('Quando cria uma empresa nova e o usuario cria a conta, ja cria o principal cargo de admin da empresa e atribui no usuario que é admin da empresa',84,1,'P',410,535,315,315,'2023-12-06T00:12:47-03:00',NULL),('Tornar a area de configurações responsiva',84,1,'P',411,535,315,315,'2023-12-09T12:41:32-03:00',NULL),('Criar as configurações de ingredientes de pratos',84,1,'P',412,535,315,315,'2023-12-09T19:12:51-03:00',NULL),('Desenvolver módulo de estoque',84,1,'G',413,535,315,315,'2023-12-28T23:34:41-03:00',NULL),('Criar uma função para formatar automaticamente o retorno do sql para formato de grid que sera aceito pelo objeto de grid do front',84,1,'P',414,535,315,315,'2023-12-29T20:07:41-03:00',NULL),('Desenvolver o módulo de pratos',84,2,'G',415,535,315,315,'2024-01-03T01:21:09-03:00',NULL),('Criar módulo de pedidos',84,2,'G',416,535,315,315,'2024-01-06T20:37:28-03:00',NULL),('Criar módulo de clientes',84,2,'G',417,535,315,315,'2024-01-12T16:28:23-03:00',NULL),('Criar usuario padrao GourmetechBot quando cria uma empresa.\n\nEsse usuário é admin do sistema, também é admin da empresa.\n\nTem que fazer com que a o login permita com a senha do usuario que esta acessando, por exemplo a forma de login é:\n\nEmail: (nome da empresa).gourmetech@gmail.com\nSenha: @Gourmetech2023',84,1,'M',418,535,315,315,'2024-01-12T18:48:23-03:00',NULL),('Calcular os pagamentos do modulo de pedidos',84,1,'P',419,535,315,315,'2024-01-12T23:30:37-03:00',NULL),('Fazer com que os pedidos reflitam na quantidade de ingredientes do estoque, e quando retornar os pratos para adicionar no pedido, verificar se estao disponiveis e so deixar incluir no pedido se estiverem disponiveis',84,2,'G',420,535,315,315,'2024-01-13T16:23:13-03:00',NULL),('Criar módulo de fila da cozinha',84,2,'M',421,535,315,315,'2024-01-14T21:35:57-03:00',NULL),('Corrigir bug no estoque, quando vai preparar um item que irá consumir o ultimo ingrediente do estoque, o estoque buga e fica com quantidade negativa, o certo é ficar com 0, e na fila da cozinha, tem que ficar atualizando o grid de pedidos, e tem q ter mais um campo no grid da fila da cozinha é se aquele pedido tem ingredientes no estoque pra fazer',84,2,'P',422,535,315,315,'2024-01-19T00:20:08-03:00',NULL),('Corrigir o visual e a galeria do site da ieq farol',88,2,'P',423,536,315,315,'2024-01-19T22:05:21-03:00',NULL),('Tirar print dos sites do juninho e hospedar no bucket da rabsystems, e indexar no site',88,2,'P',424,536,315,315,'2024-01-19T22:05:54-03:00',NULL),('Adicionar uma forma que indique que o carrossel de projetos é arrastável',55,1,'P',425,526,315,315,'2024-01-19T22:11:22-03:00',NULL),('Começar o tráfego pago, criar campanhas, segmentação, etc\n\nAlvo Instagram\nMeio Meta business',85,2,'G',426,536,1,315,'2024-01-20T00:00:35-03:00',NULL),('Corrigir bug que faz o status de todos os pratos de um pedido resetarem para preparando quando adiciona um novo prato no pedido',84,2,'P',427,535,315,315,'2024-01-23T22:30:34-03:00',NULL),('Corrigir a função que formata o campo de salario no modal de edição do usuario, pois não esta dando pra colocar numeros com mais de 4 casas',84,1,'P',428,535,315,315,'2024-01-24T15:00:49-03:00',NULL),('Quando cria um novo usuario dentro de uma empresa, nao esta enviando email para fazer login com a senha temporária',84,1,'P',429,535,315,315,'2024-01-24T16:06:05-03:00',NULL),('No campo de cliente no modal de pedidos, tem que ter um campo ajax autocomplete quando digitar um nome de cliente, nele tem q ter as informações dos clientes, nome, email, telefone e se é especial e a quantidade do desconto, se o cliente for com desconto, o desconto do cliente será abatido do valor final do pedido',84,1,'G',431,535,315,315,'2024-01-24T19:46:23-03:00',NULL),('Criar seção nas configurações para as mesas',84,1,'P',432,535,315,315,'2024-01-27T13:55:15-03:00',NULL),('Criar módulo de menu digital\n\nAssista: https://drive.google.com/file/d/1bWhoiSM2b-bbUNPhOJOCWPTYfzTCcoVg/view',84,2,'G',433,535,315,315,'2024-01-28T16:05:34-03:00',NULL),('Dentro da descrição da tarefa, tudo o que for link tem que ser montado dentro de uma tag a que abra outra janela',12,1,'P',434,497,315,315,'2024-01-28T16:06:29-03:00',NULL),('Criar módulo de financeiro, sendo que primeiro precisa criar a seção nas configurações para definir os tipos de contas, depois tudo o que entrar de lucro vai ser programaticamente adicionado como conta a receber, e contas a pagar serao lançadas manualmente nesse primeiro momento',84,2,'G',435,535,315,315,'2024-01-30T00:24:09-03:00',NULL),('Criar um tour simples para indicar ao usuario que acabou de cadastrar uma conta a como enviar seu primeiro pedido',40,2,'M',436,516,315,315,'2024-02-02T10:38:42-03:00',NULL),('Melhorar visual das páginas que o usuário vê, para que possa ficar legal para começar a vim novos usuários provenientes dos anuncios',40,2,'G',437,516,315,315,'2024-02-02T10:39:26-03:00',NULL),('Mapear bugs importantes de logica e layout no sistema para poder subir para iniciar as campanhas',40,1,'P',438,516,315,315,'2024-02-07T12:29:25-03:00',NULL),('Em algumas ocasioes quando clica em fazer logout do sistema, o negocio fica louco, redirecionando para /login infinitamente',37,2,'P',439,516,315,315,'2024-02-07T20:10:37-03:00',NULL),('Implementar a tradução das mensagens do tutorial, gravar em banco somente o caminho.nome do label i18n, e colocar isso no front para traduzir o tutorial dinamicamente',37,2,'P',440,516,315,315,'2024-02-07T20:11:25-03:00',NULL),('Quando termina o tutorial, o sistema tem que deixar mexer depois, esta travando na ultima posicao do objeto de tutorial e fazendo o force redirect mesmo quanto o tutorial termina',40,2,'P',441,516,315,315,'2024-02-07T20:13:53-03:00',NULL),('Criar um banner de desconto com countdown se o parametro utm_source for igual a ig, que sera definido no instagram como retorno de anuncio',55,1,'P',442,526,315,315,'2024-02-10T13:09:26-03:00',NULL),('Fazer com que, ao finalizar um pedido, o valor total do pedido pago, com desconto ou nao, vire uma conta a receber e jogar na tabela de contas como conta a receber do tipo \"Venda\" que será uma categoria de conta a receber criada na hora que cria a empresa',84,2,'P',444,535,315,315,'2024-02-10T14:39:21-03:00',NULL),('esta retornando todas as mesas cadastradas no sistema nao so as da empresa, erro gravissimo',84,2,'P',445,535,315,315,'2024-02-10T15:05:48-03:00',NULL),('Criar preview para os modulos que ainda não estão desenvolvidos para ter um MVP',84,1,'P',446,535,315,315,'2024-02-10T22:35:00-03:00',NULL),('Criar o ambiente de produção e vincular com a branch main',84,2,'M',447,535,315,315,'2024-02-10T23:17:03-03:00',NULL),('Melhorar o módulo da home do sistema, prototipar primeiro, talvez colocar alguns dashboards, e coisas para monitoramento do restaurante, personalizar conforme a permissao do usuario',81,2,'G',448,535,315,315,'2024-02-10T23:17:34-03:00',NULL),('Criar LP inicial',92,1,'P',449,537,315,315,'2024-02-13T16:24:48-03:00',NULL),('Criar estrutura principal do sistema',92,1,'P',450,537,315,315,'2024-02-13T19:00:26-03:00',NULL),('Criar front end do chat',92,1,'P',451,537,315,315,'2024-02-14T14:12:18-03:00',NULL),('Criar feed',92,1,'P',452,537,315,315,'2024-02-14T20:20:14-03:00',NULL),('Criar meu diário',92,1,'P',453,537,315,315,'2024-02-14T20:20:40-03:00',NULL),('Criar paginas de perfil',92,1,'P',454,537,315,315,'2024-02-14T21:40:36-03:00',NULL),('Criar busca de usuarios e menu de logon',91,1,'P',455,537,315,315,'2024-02-15T00:20:37-03:00',NULL),('Criar secao de comentarios, likes e compartilhamentos do post',91,1,'P',456,537,315,315,'2024-02-15T22:26:51-03:00',NULL),('Criar base da api',91,1,'P',457,537,315,315,'2024-02-16T11:08:32-03:00',NULL),('Conectar a api com o front',91,1,'P',458,537,315,315,'2024-02-16T11:08:45-03:00',NULL),('Criar rotas de registro, login e conceito de JWT',92,1,'P',459,537,315,315,'2024-02-16T11:09:05-03:00',NULL),('Criar botao para editar post',92,1,'P',460,537,315,315,'2024-02-16T13:13:31-03:00',NULL),('Colocar botão de salvar foto de uma publicacao (botao publico)',92,1,'P',461,537,315,315,'2024-02-16T13:14:17-03:00',NULL),('opcao para clicar e ver os amigos da pessoa e poder navegar pelas paginas',92,1,'P',462,537,315,315,'2024-02-16T13:15:20-03:00',NULL),('Criar função de bloquear usuario',92,1,'P',463,537,315,315,'2024-02-16T13:15:48-03:00',NULL),('Criar página de configurações da conta, trocar nickname, trocar senha, alterar visibilidade (só pode ver minhas publicacoes se for amigo, caso contrario aparece conta privada)\n\nColocar função de excluir a conta',92,1,'P',465,537,315,315,'2024-02-16T13:18:21-03:00',NULL),('Deixar dinamico com api a parte de navegacao de usuarios',92,1,'P',467,537,315,315,'2024-02-17T14:45:11-03:00',NULL),('Fazer a parte do chat ficar dinamica',92,1,'P',468,537,315,315,'2024-02-18T13:50:47-03:00',NULL),('Criar conceito de notificação para pedidos de amizade, criar junto toda a parte de pedir e aceitar',92,1,'M',470,537,315,315,'2024-02-19T19:21:13-03:00',NULL),('Implementar sistema de cache nas queries, para reduzir o risco de dar o erro de max_queries_per_hour',92,1,'P',471,537,315,315,'2024-02-21T11:34:43-03:00',NULL),('fazer o chat funcionar com websocket para nao precisar ficar chamando toda hora o banco e reduzir o risco de max_queries_per_hour',92,1,'P',472,537,315,315,'2024-02-22T23:06:22-03:00',NULL),('Expandir o socket para aceitar tambem notificacoes e pedidos de amizade, para deiar o sistema mais fluido e diminuir a necessidade de poolings',92,1,'P',473,537,315,315,'2024-02-24T18:49:24-03:00',NULL),('No menu responsivo, adicionar o menu de navegação, para feed, amigos, etc, e tambem colocar o avatar no menor responsivo para aparecer as opções de configurações da conta, etc',92,1,'P',474,537,315,315,'2024-02-24T23:28:22-03:00',NULL),('Implementar a parte dos posts, para poder fazer post, fazer upload de imagem se quiser, e listar os posts, e fazer junto a parte de curtidas, comentarios e compartilhamentos, assim como a lógica para retornar o feed, o algoritmo que classifica os posts como relevantes ou nao, e muda a ordem de exibição, implementar também o carregamento em etapas, para carregar umas 20 publicações por chamada, para não sobrecarregar o banco com muitas queries',92,1,'P',475,537,315,315,'2024-02-26T19:08:58-03:00',NULL),('implementar os demais tipos de notificação, curtida no post, comentario, compartilhamento, pois o de amizades ja existe',92,1,'P',476,537,315,315,'2024-03-01T21:41:52-03:00',NULL),('Tornar as opções do perfil funcionais, como trocar foto de perfil, banner, retorno dos posts da pessoa, poder bloquear, desbloquear',92,1,'P',477,537,315,315,'2024-03-02T17:29:27-03:00',NULL),('Tornar funcional as opções de configurações da conta',92,1,'P',478,537,315,315,'2024-03-02T17:32:28-03:00',NULL),('Tornar funcional a aba meu diário',92,1,'M',479,537,315,315,'2024-03-02T17:35:18-03:00',NULL),('Criar a busca de usuarios global',92,1,'P',480,537,315,315,'2024-03-04T20:40:10-03:00',NULL),('Fazer deploy do sistema para o ambiente de produção',92,1,'P',481,537,315,315,'2024-03-06T21:10:36-03:00',NULL),('No perfil do usuário, ordenar os posts por ordem de postagem, mais recente primeiro',91,1,'P',482,537,315,315,'2024-03-08T10:37:54-03:00',NULL),('Na string de observação dos pedidos na fila da cozinha, por exemplo, tem 3 sanduiches, cada um com uma observação diferente, tem que ser uma string com a quantidade e a observação ex: \"\'1 sem cebola, 1 sem picles\"',84,1,'P',483,535,315,315,'2024-03-08T10:52:16-03:00',NULL),('Fazer módulo de reservas, também criar uma preferencia nas configurações da empresa para dizer se a reserva abre uma mesa automaticamente quando chega no prazo cadastrado ou é manual',83,1,'P',484,535,315,315,'2024-03-23T22:54:28-03:00',NULL),('No grid de pedidos, ordenar os pedidos conforme o status, os mais em baixo ficam os cancelados, em seguida os finalizados, e mais ao topo os pedidos em aberto, sendo que os em aberto mais novos ficam no topo.',84,1,'P',485,535,315,315,'2024-04-26T23:00:07-03:00',NULL),('Quando cria uma empresa deve criar alem da categoria padrao de conta a receber, criar tambem a padrao de conta a pagar',84,1,'P',486,535,315,315,'2024-05-10T18:27:14-03:00',NULL),('Corrigir no respondido o frame interno, deveria ter scroll para não correr o risco de cortar o conteúdo',83,2,'P',487,535,315,315,'2024-05-11T21:55:56-03:00',NULL),('Fazer com que, quando eu tiver escrevendo dentro de um card novo, eu possa apertar SHIFT + ENTER e quebrar linha, hoje não está acontecendo nada',12,1,'P',489,497,315,315,'2024-05-14T18:55:35-03:00',NULL),('Fazer as quebras de linhas serem guardadas em banco e quando renderizadas no card, elas se transformem em quebras de linha, pois hoje está apenas o texto cru',12,2,'P',494,497,2,315,'2024-05-14T19:04:02-03:00',NULL),('Atualizar back-end para queries de sql serem feitas em services',96,2,'M',495,538,315,315,'2024-05-28T20:05:40-03:00',NULL),('Organizar front end para voltar a funcionar com a nova organização de rotas e objetos de retorno do back end',96,2,'M',496,538,315,315,'2024-05-28T20:09:29-03:00',NULL),('Quando clica em um item do menu no responsivo, ele deve fechar o menu automaticamente',83,1,'P',497,535,315,315,'2024-06-15T22:01:36-03:00',NULL),('Fazer módulo de entregas, com configurações de valor por km, raio de atuação da empresa, também incluir o endereço e o cep nas configurações da empresa',83,1,'M',498,535,315,315,'2024-06-16T14:38:06-03:00',NULL),('Criar ambiente para entregadores, como se fosse um app, com mapa em tempo real para o destino, valor da compra, e botoes de ação para indicar que a entrega foi realizada, sistema de fila de entregas, para cada entregador poder pegar uma entrega pra fazer',81,2,'G',499,535,315,315,'2024-06-16T14:41:40-03:00',NULL),('No módulo de entregas, colocar um grid para indicar as entregas que já foram feitas',82,1,'P',500,535,315,315,'2024-06-16T14:42:41-03:00',NULL),('Fazer módulo de newsletter seguindo a prototipação no figma, fazer também as configurações do módulo',81,2,'G',501,535,315,315,'2024-06-16T14:44:14-03:00',NULL),('Implementar desconto manual nos pedidos, para caso quiser incluir item gratuito',81,1,'P',502,535,315,315,'2024-06-18T21:37:13-03:00',NULL),('Correções gerais no APP antes de continuar a desenvolver',96,2,'M',503,538,315,315,'2024-06-25T23:50:51-03:00',NULL),('Criar seção de acervo de músicas, junto com a entidade da musica, o cadastro dela, o CRUD\n\nFoi decidido que a abordagem de encontrar a música será feita através de uma inteligencia no app que usará o nome e o artista para fazer uma busca no youtube, pegar o video mais relevante e colocar o link em um iframe do youtube para reprodução.\n\nA cifra será disponibilizada através de um iframe que carrega o site do cifraclub no link da cifra que foi cadastrada na musica.\n\nEssa abordagem foi escolhida por conta de disponibilidade de conteúdo, isenção de custos de armazenamento e proteção contra violação de direitos autorais.\n',95,2,'G',504,538,315,315,'2024-06-26T14:59:13-03:00',NULL),('Refatorar o codigo do front end para colocar as variaveis de permissoes, o objeto da igreja todos em variaveis globais, para nao ter que ficar chamando o endpoint de retorno dessas informações em cada pagina',96,2,'M',505,538,315,315,'2024-07-06T18:07:35-03:00',NULL),('Fazer com que procura de usuario no autocomplete seja possivel pelo nome e pelo id do usuario, não o ID do sql, mas o outro ID que será criado na tarefa #507',93,1,'P',506,538,315,315,'2024-07-06T18:25:55-03:00',NULL),('Implementar conceito de id do usuario diferente do ID do sql, exemplo: nome#4562\n\ne exibir ele no perfil do usuario para que o usuario possa informar para outras pessoas o procurarem',93,1,'P',507,538,315,315,'2024-07-06T18:26:27-03:00',NULL),('Fazer o CRUD de eventos da igreja, atribuicao dos usuarios, funcoes, adicionar musicas, definir data, criar a entidade de eventos, para poder ver quem participa e quais musicas',95,1,'G',508,538,315,315,'2024-07-24T18:26:36-03:00',NULL),('Criar a funcionalidade de ao adicionar uma musica a um evento, também definir o tom que aquela musica tem que ter, e essa preferencia passar pro cifra club ja no tom q a musica tem q ficar, pra ser uma coisa automatica, e também, quando uma igreja adicionar uma musica da base para algum evento dela e definir o tom, isso vai para uma tabela de preferencias de tom daquela igreja, dai quando a pessoa vai adicionar a mesma musica em outro evento na mesma igreja, ele pergunta os tons que ela tem custume de colocar pra essa musica ou colocar um novo',94,1,'M',509,538,315,315,'2024-07-24T18:29:08-03:00',NULL),('Músicas fofas:\n\nhttps://www.youtube.com/watch?v=AjNPeKgLnC8\n(Hauu Nanodesu - Hanyu)',42,1,'P',510,523,2,315,'2024-07-25T13:50:09-03:00',NULL),('Fazer a atualização visual do site, para ser algo mais moderno',55,2,'M',511,526,315,315,'2024-08-03T15:06:10-03:00',NULL),('Em admin > newsletter\n\nAlinhar as colunas de nome do email e email ou nome dos usuarios à esquerda',40,1,'P',512,516,315,315,'2024-08-04T16:40:12-03:00',NULL),('Em admin > newsletter\n\nColocar filtros na hora de escolher usuários para enviar, como nome, email, origem (Usuário ou lead)',40,1,'P',513,516,315,315,'2024-08-04T16:41:38-03:00',NULL),('Criar um utilitário de cadastro de leads a partir de uma planilha excel, será disponibilizada uma planilha com dados de leads, esse utilitário deve importar esses leads, cadastrar como leads na plataforma para que o email possa ser enviado',40,2,'G',514,516,315,315,'2024-08-04T16:42:39-03:00',NULL),('Criar conceito de marcadores para leads e usuários:\n\n- Prospecção inicial\n- Negociação\n- Cliente\n\nEsses marcadores serão alimentados quando enviar algum email com a flag marcada para adicionar aquele marcador para o lead que está sendo enviado',40,2,'M',515,516,315,315,'2024-08-04T16:44:44-03:00',NULL),('Criar uma página no site que o cliente venha do site para ter acesso à um chat direto com os colaboradores da Rabsystems, nesse chat direto quando a pessoa entrar na página já vai ter a opção de mensagem automatica pra ela enviar \"Quero saber mais sobre os serviços\", dai o colaborador irá conversar com essa pessoa e tirar duvidas e se o cliente concordar será agendada uma reuniao',39,2,'G',517,516,315,315,'2024-08-06T18:39:31-03:00',NULL),('Criar powerpoint de apresentação comercial da Rabsystems',88,2,'M',518,536,315,315,'2024-08-06T18:42:39-03:00',NULL),('Criar agenda simples com grid no admin, a agenda será somente pra mim, para ser alimentada pelo agendamento automatico que será desenvolvido atraves do site, nesse grid vai ter a data e horário da reuniao e nome do cliente. Essa agenda vai ter filtro por dia ou vir tudo',37,2,'M',519,516,315,315,'2024-08-07T17:45:28-03:00',NULL),('Criar página no admin onde lista todos os usuários, leads ou não, que é uma página de visualização das informações, como nome, email, foto  (se tiver), preferencia de cadastro na newsletter, se é lead ou se é cliente e os marcadores',37,2,'M',520,516,315,315,'2024-08-07T17:50:21-03:00',NULL),('Corrigir os filtros do grid de usuarios para enviar newsletter',40,1,'P',521,516,315,315,'2024-08-10T02:19:55-03:00',NULL),('Criar forma de desinscrever da newsletter, e implementar no email de marketing, de forma a diminuir as chances de cair em spam.\n\nTambém criar um alerta no admin se for enviar email de newsletter para um usuario ou lead que tem a opção aceita newsletter como 0',40,2,'P',522,516,315,315,'2024-08-19T22:14:51-03:00',NULL),('Corrigir o endpoint de upload de banner de usuario, esta dando erro',12,2,'P',523,497,315,315,'2024-08-20T13:51:21-03:00',NULL),('No input de criação de post, quando vc ja ta digitando nele e clica em algum ponto talvez pra corrigir uma palavra anterior, não pode dar o toggle da altura pois isso atrapalha, só pode dar o toggle da altura quando estiver vazio o input',89,2,'P',524,537,315,315,'2024-08-21T13:58:51-03:00',NULL),('Em meu diário, ordenar do mais recente pro mais antigo',89,1,'P',525,537,315,315,'2024-09-18T11:48:45-03:00',NULL),('Feed Personalizável e Cronológico\n\nPermitir que os usuários filtrem o feed e o vejam em ordem cronológica.',89,1,'P',526,537,315,315,'2024-09-18T12:20:49-03:00',NULL),('Sistema de Notificações Inteligente\n\nCriar notificações customizáveis e resumos diários/semanal.',89,1,'P',527,537,315,315,'2024-09-18T12:21:22-03:00',NULL),('Sistema de Hashtags e Categorias\n\nAdicionar hashtags para categorizar conteúdo e facilitar buscas.',89,1,'P',528,537,315,315,'2024-09-18T12:21:36-03:00',NULL),('Modo Claro e Escuro\n\nImplementar um modo escuro e claro para melhor acessibilidade.',89,1,'P',529,537,315,315,'2024-09-18T12:21:50-03:00',NULL),('Comentários Aninhados\n\nPermitir respostas diretas a comentários específicos.',89,1,'P',530,537,315,315,'2024-09-18T12:22:06-03:00',NULL),('Perfis Personalizáveis\n\nAdicionar mais opções de personalização de perfis, como temas e capas.',89,1,'P',531,537,315,315,'2024-09-18T12:22:21-03:00',NULL),('Melhorias na Experiência de Imagens\n\nOtimizar upload de imagens e permitir galerias.',89,1,'P',532,537,315,315,'2024-09-18T12:22:35-03:00',NULL),('Busca Avançada\n\nMelhorar o sistema de busca por palavras-chave e interesses.',89,1,'P',533,537,315,315,'2024-09-18T12:22:49-03:00',NULL),('Sistema de Privacidade Flexível\n\nPermitir controle granular de privacidade nas postagens e interações.',89,1,'P',534,537,315,315,'2024-09-18T12:23:07-03:00',NULL),('Recompensas e Gamificação\n\nImplementar um sistema de recompensas e eventos temáticos.',89,1,'P',535,537,315,315,'2024-09-18T12:23:21-03:00',NULL),('Sistema de Mensagens Diretas Simples\n\nCriar um sistema de mensagens diretas simples e funcional.',89,1,'P',536,537,315,315,'2024-09-18T12:23:33-03:00',NULL),('Feedback do Usuário\n\nAdicionar uma forma de os usuários darem feedback diretamente.',89,1,'P',537,537,315,315,'2024-09-18T12:23:45-03:00',NULL),('Melhorias no Sistema de Registro/Login\n\nPermitir login com redes sociais e garantir segurança de dados.',89,1,'P',538,537,315,315,'2024-09-18T12:24:11-03:00',NULL),('Categoria de Discussões e Tópicos\n\nAdicionar uma funcionalidade para tópicos de discussões, permitindo debates e interações específicas sobre assuntos diversos.',89,1,'P',539,537,315,315,'2024-09-18T12:28:40-03:00',NULL),('Publicar também projetos de APIs, implementar SWAGGER nas apis que já estão prontas para poderem publicar no portfólio',49,2,'G',540,525,315,315,'2024-09-24T23:30:57-03:00',NULL),('Criar e implementar conceito de dashboard na cademint, com uma visão geral de todos os projetos, prazos, tarefas urgentes, tempo gasto (pra isso precisará implementar o SPRINT), para que ao entrar no sistema, já de de cara com esse dashboard para ter uma visão geral do que fazer (PROTOTIPAR ANTES)',9,2,'G',541,497,315,315,'2024-09-24T23:32:33-03:00',38),('Implementar links nos posts, em que o sistema detecta um link em um post na hora que tá escrevendo, e já cria uma prévia daquele link se disponivel',89,2,'M',542,537,315,315,'2024-10-02T00:39:24-03:00',NULL),('Prototipação do site e do sistema\n\nBIBLIOTECA FULLCALENDAR PARA AGENDA',100,2,'G',545,539,315,315,'2024-10-09T13:59:30-03:00',NULL),('Reunião de alinhamento de requisitos',100,2,'P',546,539,1,315,'2024-10-09T13:59:52-03:00',NULL),('Reunião para distribuição de tarefas e alocação de responsabilidades',100,2,'P',547,539,1,315,'2024-10-09T14:00:52-03:00',NULL),('Criar repositórios do front e back, novas contas na HEROKU e no NETLIFY, email de suporte, devops, principal, conta na AWS para storage',97,2,'M',548,539,2,315,'2024-10-09T14:02:02-03:00',NULL),('Criação básica do front-end',100,1,'P',549,539,327,315,'2024-10-09T14:02:25-03:00',NULL),('Criação do back-end e banco de dados',98,2,'G',550,539,1,315,'2024-10-09T14:02:38-03:00',0),('Integração do front com o back-end',97,1,'M',551,539,2,315,'2024-10-09T14:02:54-03:00',NULL),('Testes e correções gerais',97,1,'G',552,539,2,315,'2024-10-09T14:03:07-03:00',NULL),('Deploy em ambientes de homologação',100,1,'P',553,539,2,315,'2024-10-09T14:03:29-03:00',NULL),('Testes de usabilidade com usuários beta',97,1,'M',554,539,2,315,'2024-10-09T14:03:42-03:00',NULL),('Marketing de lançamento, criação de redes sociais, conteúdo',97,1,'M',555,539,2,315,'2024-10-09T14:04:05-03:00',NULL),('Lançamento do produto',97,1,'M',556,539,2,315,'2024-10-09T14:04:20-03:00',NULL),('Criação de repositórios de front e back',100,2,'P',557,539,315,315,'2024-10-09T19:38:15-03:00',NULL),('SPRINTS 1 semana, 7 dias corridos\n2 h por dia por dev\n',98,1,'P',558,539,2,315,'2024-10-09T19:57:43-03:00',1),('Ambientes de desenvolvimento\nlocalhost\nhomologação\nprodução',97,1,'P',559,539,2,315,'2024-10-09T19:58:38-03:00',NULL),('Tecnologia do front: Nuxt.js',100,1,'P',560,539,2,315,'2024-10-09T20:00:09-03:00',NULL),('Criação do layout básico do app, header, sidebar e slot',100,1,'M',562,539,315,315,'2024-10-11T20:29:07-03:00',NULL),('Criar módulo de pacientes',99,2,'G',563,539,315,315,'2024-10-11T22:41:28-03:00',1),('Criar módulo de relatórios',100,2,'M',564,539,315,315,'2024-10-11T22:42:25-03:00',NULL),('Criar módulo de agendas',99,2,'G',565,539,315,315,'2024-10-11T22:48:43-03:00',2),('Correções na altura do gráfico de relatórios',100,1,'P',566,539,315,315,'2024-10-12T22:37:01-03:00',NULL),('No responsivo, ao clicar em um item no menu, ele deve fechar automaticamente o sidebar',100,1,'P',567,539,315,315,'2024-10-12T23:01:19-03:00',NULL),('Permitir que o usuário edite os comentários dele em alguma tarefa',12,1,'P',569,497,315,315,'2024-10-12T23:15:49-03:00',NULL),('Criar páginas de login e registro',100,1,'M',575,539,315,315,'2024-10-17T01:17:39-03:00',NULL),('Passar pro Jeferson como usar as variáveis css de espaçamento, box-shadow, as classes de fontdize e cores',112,1,'P',576,542,315,315,'2024-10-17T19:08:34-03:00',NULL),('Fazer o formulário de seleção da CDA',112,1,'P',577,542,315,315,'2024-10-17T19:26:52-03:00',NULL),('Criar subdivisões e sistemas de pontos da CDA, comportamental e de gameplay\n\nENTRA PRA STARS COM 8 PONTOS',112,1,'P',578,542,315,315,'2024-10-17T19:30:51-03:00',NULL),('criar conta google e drive da CDA\n\ncriar grupo de whatsapp da CDA ADMIN',112,1,'P',579,542,2,315,'2024-10-17T19:38:45-03:00',NULL),('Re-adequar módulo de relatórios e componentes para a abordagem de sub-diretórios como já acordado com Jefferson\n\nColocar como Rota padrão quando entra no sistema agendas, quando clica no menu pacientes, ja tem q vir a sub rota por padrao de consultas\n\nO clique das abas muda a sub rota',100,2,'M',580,539,315,315,'2024-10-19T00:46:05-03:00',NULL),('Criar modulo perfil',100,2,'M',581,539,315,315,'2024-10-22T20:46:32-03:00',NULL),('DRA MARA - Criar arte de cartão de visita',4,1,'P',582,543,315,315,'2024-11-02T14:27:36-03:00',NULL),('DRA MARA - Fazer receituário de formula de probioticos enviado no whatsapp',4,1,'P',583,543,315,315,'2024-11-02T14:28:02-03:00',NULL),('DRA MARA - Publicar video completo do depoimento da mãe do Yuri, no whatsapp',4,1,'P',584,543,315,315,'2024-11-02T14:28:30-03:00',NULL),('Audios engraçaralhos:\n\nhttps://www.myinstants.com/en/instant/anime-ahh-73606/?utm_source=copy&utm_medium=share (anime ahh)',42,1,'P',585,523,2,315,'2024-11-18T12:38:32-03:00',NULL),('Criar módulo de pagamentos',99,1,'G',586,539,315,315,'2024-12-03T21:31:19-03:00',0),('Planejar como será o jogo.\n\nInicialmente será: jogo online no navegador sobre steins gate, nele o jogador terá a experiencia que o okabe teve no anime, tem a historia canonica, mas atraves das escolhas dele ele vai divergindo da linha de universo, e as coisas começam a acontecer diferente, mas eu quero fazer algo diferente, algo que saia do que ocorreu no anime, explore novas coisas, basicamente como se fosse um jogo de mundo aberto, só que 2d e com escolhas, onde o jogo vai se moldando, tipo eu tenho algumas coisas que o jogador pode fazer, e conforme as escolhas que ele vai fazendo vai mudando o jogo, tipo as combinações do xadres, ou seja, nunca vai ter um macete pra chegar exatamente em algum lugar, e pra corrigir algum evento do passado o jogador precisa descobrir por si mesmo como alterar as coisas pra voltar pra linha de universo original.\n\nPrecisa arquitetar como vai funcionar todo o ecossistema e criar a estrutura do projeto: front e back',3,2,'G',587,544,315,315,'2025-01-03T12:11:39-03:00',NULL),('Baixar as mídias, imagens, audios, e tudo que será necessário para o projeto',1,1,'M',588,544,315,315,'2025-01-03T12:12:31-03:00',NULL),('Criar o front: NUXT.JS',1,1,'G',589,544,315,315,'2025-01-03T12:12:42-03:00',NULL),('Criar o back: Node.js',1,1,'G',590,544,315,315,'2025-01-03T12:13:01-03:00',NULL),('Prototipar telas principais do jogo',2,2,'G',591,544,315,315,'2025-01-03T15:17:52-03:00',NULL),('Criar wireframe no figma do sistema de gerenciamento de mercado e produtos',36,2,'M',592,514,315,315,'2025-01-06T17:01:55-03:00',NULL),('Criar sistema, front-end, back-end e banco de dados, assim como conta na aws para envio de imagens e arquivos',34,2,'G',593,514,315,315,'2025-01-10T19:51:40-03:00',NULL),('Configurações de VPN:\n\nVPN Provider: windows built-in\n\nServer: vpn.websoftware.com.br\n\nVPN type: L2TP/IPSec com Pre Shared Key for IPsec = Websoftware@VPN\n\nuser: saymonf\nsenha: vpn2021saymon\n',113,2,'P',594,545,315,315,'2025-01-16T11:53:47-03:00',NULL),('Erros comuns no desenvolvimento:\n\n\n(Alteração no código não emite para o sistema)\n\nSOLUÇÃO 1:    Alterar web.config\nSOLUÇÃO 2:    Verificar se esta mesmo no ambiente \n                          de localhost e na branch certa.\nSOLUÇÃO 3:    Reiniciar o Visual Studio\nSOLUÇÃO 4:    Recriar o site da solutto no IIS\n\n(Docker travando, ocupando muito espaçõ ou com erro)\n\nSOLUÇÃO 1: Restaurar docker de fábrica (sem reinstalar)\nSOLUÇÃO 2: Re-instalar docker na máquina',113,2,'G',595,545,315,315,'2025-01-17T12:28:27-03:00',NULL),('Cronograma de testes:\n\n* Para TODO desenvolvimento seguir TODOS os passos de testes.\n\n- Testar o caminho principal no qual foi desenvolvido a funcionalidade.\n\n- Validações principais e críticas: ex, usuário é da mesma empresa, perfil de acesso tem permissao.\n\n- Testar diferentes possibilidades de informações incorretas e erros, ex: (Tentar colocar texto num campo numérico)\n\n- Testar tempo de carregamento (numa máquina ou internet lenta, quebraria a tela?)\n\n- Testar situações onde não exista informações, ex: (empresa recém-criada, ou que não configurou, ou que não tem acesso ao módulo em questão).\n\n- Testar situações em empresas onde tenham muitos registros de informações daquele modulo ou daquela função, se a tela não quebra e/ou fica muito lenta.\n\n- Testar inconsistência de informações, ex: Se duas abas estiverem abertas, e alterar as informações em uma, na outra vai refletir?\n\n- Testar casos onde o usuário não tenha acesso aquela informação ou módulo ou preferência.\n\n- Testar se todas as exibições de informações tem tratamento para erro, feedback ou carregamento, ex: erro do servidor, erro de dados, dados inexistentes, dados incorretos, dados requeridos mas que estão faltando, loading do servidor.',113,2,'G',596,545,315,315,'2025-01-17T12:31:37-03:00',NULL),('Passos para configurar ambiente de desenvolvimento após formatar a máquina.\n\n- Instalar o GIT\n- Instalar o Visual Studio\n- Fazer clone do projeto\n- Habilitar recursos do windows:\n       - .NET Framework 3.5\n       - .NET Framework 4.8\n       - Serviços de Informações da Internet\n              Ferramentas de Gerenciamento da WEB\n                   TODOS\n              Serviços da World Wide Web\n                   TODOS\n                   Recursos de desenvolvimento de apps\n                        TODOS menos CGI\n- Instalar o Docker Desktop\n- Seguir POP 491 para configurar o container do Docker\n- No IIS criar um novo site em DESKTOP > SITES > BOTÃO DIREITO > ADICIONAR SITE\n- Colocar caminho da pasta ERP do projeto\n- No IIS no Pool de aplicativos, ir no site da solutto, botao direito e configurações avançadas > HABILITAR APLICATIVOS DE 32 BITS = TRUE\n                    ',113,2,'M',597,545,315,315,'2025-01-17T12:38:15-03:00',NULL),('Link do portal do aluno:\n\nZen cursos\n\nlocalhost:56454/portal_aluno.aspx?portal_aluno_cliente_id=2282593&portal_aluno_unidade_id=24273&portal_aluno_campanha_id=66',115,1,'P',598,545,2,315,'2025-01-17T13:08:35-03:00',0),('Análise de requisito:\n\n- Ler muito bem o requisito da OS\n- Ler os históricos da OS, quando começa ou quando volta\n- Verificar o contexto e cruzar informações entre problema apresentado e historicos, OBS Secreta, Requisito atual, etc..',113,2,'M',599,545,315,315,'2025-01-22T12:48:04-03:00',NULL),('Não está dando para criar novas tags no perfil',11,1,'P',600,497,315,315,'2025-01-22T16:15:49-03:00',4),('Incluir função de arquivar grupo, ele nao aparece no seletor de grupos mas la no perfil, em uma seção, apareçe os grupos desativados',9,1,'M',601,497,315,315,'2025-01-22T16:20:08-03:00',39),('Quando esta no perfil, e clica no menu para Início, esta mandando com erro no seletor de projetos, quebrando a página',9,2,'P',602,497,315,315,'2025-01-22T16:22:59-03:00',40),('Branch do Guia do DEV\n\nOS_227078\n\nSugestão pedrina: Artigo sobre o design system no guia do dev',113,1,'P',603,545,315,315,'2025-01-22T17:33:38-03:00',NULL),('Alterar todo o projeto para AgendasPro, e mudar todas as referências de pacientes para clientes, pois agora o sistema não será só de agendamento de consultórios médicos, e sim para estabelecimentos em geral.',99,2,'G',604,539,315,315,'2025-01-22T21:59:09-03:00',3),('Testar OS da duplicação dos arquivos em questionários com Thiago que tem acesso a pasta temp de dev',115,2,'P',605,545,315,315,'2025-01-23T18:28:51-03:00',1),('Falar com Rodrigo sobre Guia do DEV',114,1,'P',606,545,315,315,'2025-01-23T18:32:29-03:00',NULL),('Fazer versão responsiva do datagrid',97,1,'P',607,539,315,315,'2025-01-23T22:59:44-03:00',NULL),('Tornar funcional o dropdown que indica o status do projeto',11,1,'P',608,497,315,315,'2025-01-25T16:45:17-03:00',0),('adicionar uma função no perfil para servir como central de contas e senhas.\n\nDeverá ser feita a prototipação primeiro',9,1,'P',609,497,315,315,'2025-01-26T16:53:24-03:00',1),('Corrigir e colocar alguns elementos do chat na cor do tema.\n\nNome do arquivo anexado\nNome de quem enviou a mensagem',114,1,'P',610,545,315,315,'2025-01-28T18:31:40-03:00',NULL),('Criar preferencias do perfil que ele envia um email todos os dias pra lembrar do projeto, estudar como sera a nomenclatura e conteudo do email, ver se da pra enviar por whatsapp tbm',10,2,'M',611,497,315,315,'2025-01-28T18:35:01-03:00',0),('ao renomear uma coluna do kanban, a cada letra esta salvando e saindo',9,2,'P',612,497,315,315,'2025-01-28T20:40:09-03:00',0),('Criar um BOT para o servidor do discord da CDA.\n\nEsse bot tem que ter:\n- Música\n- Estatísticas de players e estatísticas do player\n- Monitoramento de partidas e ranking\n- Feedback sobre partidas e elo por IA\n- Sistema de níveis e gamificação para pessoas quanto mais tempo de call elas tiverem',121,1,'G',613,547,315,315,'2025-01-28T20:42:45-03:00',NULL);
/*!40000 ALTER TABLE `os_ambient` ENABLE KEYS */;
UNLOCK TABLES;

--
-- Table structure for table `os_groups`
--

DROP TABLE IF EXISTS `os_groups`;
/*!40101 SET @saved_cs_client     = @@character_set_client */;
/*!40101 SET character_set_client = utf8 */;
CREATE TABLE `os_groups` (
  `groups_id` int(11) NOT NULL AUTO_INCREMENT,
  `group_name` varchar(50) NOT NULL,
  `group_owner` int(11) NOT NULL,
  `image` varchar(200) DEFAULT NULL,
  `group_description` varchar(500) DEFAULT '',
  `status` int(11) NOT NULL DEFAULT 1,
  UNIQUE KEY `groups_id` (`groups_id`)
) ENGINE=InnoDB AUTO_INCREMENT=548 DEFAULT CHARSET=utf8 COLLATE=utf8_general_ci;
/*!40101 SET character_set_client = @saved_cs_client */;

--
-- Dumping data for table `os_groups`
--

LOCK TABLES `os_groups` WRITE;
/*!40000 ALTER TABLE `os_groups` DISABLE KEYS */;
INSERT INTO `os_groups` VALUES (495,'Projeto de Todos',1,'https://coretest-cademint-0012d7964dfd.herokuapp.com/public/cademint-group.png','',1),(496,'Projeto de Qualquer',2,'https://coretest-cademint-0012d7964dfd.herokuapp.com/public/cademint-group.png','',1),(497,'Projeto de Cademint',3,'https://cademint-test.s3.sa-east-1.amazonaws.com/cademint-icon-reduced.png','',1),(503,'Home office',321,'https://coretest-cademint-0012d7964dfd.herokuapp.com/public/cademint-group.png','',1),(508,'Projeto de emerson',322,'https://coretest-cademint-0012d7964dfd.herokuapp.com/public/cademint-group.png','',1),(509,'Projeto SAFO concursos',322,'https://coretest-cademint-0012d7964dfd.herokuapp.com/public/cademint-group.png','',1),(512,'Projeto de Ricardo',323,'https://coretest-cademint-0012d7964dfd.herokuapp.com/public/cademint-group.png','',1),(513,'Grupo desenvolvimento',315,'https://coretest-cademint-0012d7964dfd.herokuapp.com/public/cademint-group.png','',3),(514,'Backlog - Serviços',323,'https://coretest-cademint-0012d7964dfd.herokuapp.com/public/cademint-group.png','',1),(516,'Rabsystems - dev',315,'https://coretest-cademint-0012d7964dfd.herokuapp.com/public/cademint-group.png','Grupo de desenvolvimento do sistema da Rabsystems',4),(523,'Grupo nada a ver',315,'https://coretest-cademint-0012d7964dfd.herokuapp.com/public/cademint-group.png','',1),(524,'Power Stones',315,'https://coretest-cademint-0012d7964dfd.herokuapp.com/public/cademint-group.png','',3),(525,'Portfólio pessoal',315,'https://coretest-cademint-0012d7964dfd.herokuapp.com/public/cademint-group.png','',4),(526,'Rabsystems site',315,'https://coretest-cademint-0012d7964dfd.herokuapp.com/public/cademint-group.png','',4),(527,'ChatNet',315,'https://coretest-cademint-0012d7964dfd.herokuapp.com/public/cademint-group.png','',3),(528,'Cademint site',315,'https://coretest-cademint-0012d7964dfd.herokuapp.com/public/cademint-group.png','',4),(529,'Demonstração Cademint',315,'https://coretest-cademint-0012d7964dfd.herokuapp.com/public/cademint-group.png','',1),(530,'Projeto de francisco',324,'https://coretest-cademint-0012d7964dfd.herokuapp.com/public/cademint-group.png','',1),(531,'codesquad',324,'https://coretest-cademint-0012d7964dfd.herokuapp.com/public/cademint-group.png','',1),(534,'Projeto de Rabudinha',326,'https://coretest-cademint-0012d7964dfd.herokuapp.com/public/cademint-group.png','',1),(535,'Gourmetech',315,'https://coretest-cademint-0012d7964dfd.herokuapp.com/public/cademint-group.png','',4),(536,'Rabsystems Marketing',315,'https://coretest-cademint-0012d7964dfd.herokuapp.com/public/cademint-group.png','',4),(537,'Yuume',315,'https://coretest-cademint-0012d7964dfd.herokuapp.com/public/cademint-group.png','',4),(538,'WH - Backlog dev',315,'https://coretest-cademint-0012d7964dfd.herokuapp.com/public/cademint-group.png','',3),(539,'AgendasPro',315,'https://coretest-cademint-0012d7964dfd.herokuapp.com/public/cademint-group.png','',1),(540,'Projeto de Jefferson',327,'https://coretest-cademint-0012d7964dfd.herokuapp.com/public/cademint-group.png','',1),(541,'Cronofísica',315,'https://cademint-test.s3.amazonaws.com/2024-10-13T21_05_29.731Zcronofisica-logo.png','',2),(542,'Planejamento pessoal',315,'https://coretest-cademint-0012d7964dfd.herokuapp.com/public/cademint-group.png','',1),(545,'Solutto',315,'https://cademint-test.s3.sa-east-1.amazonaws.com/2025-01-17T15_58_39.242Zsolutto_logo_negativo_425x425.png','Grupo da Solutto para ajudar desenvolvedores a seguir processos, padrões e colaboração.',1),(546,'Projeto de Guilherme',328,'https://coretest-cademint-0012d7964dfd.herokuapp.com/public/cademint-group.png','',1),(547,'CDA',315,'https://coretest-cademint-0012d7964dfd.herokuapp.com/public/cademint-group.png','',1);
/*!40000 ALTER TABLE `os_groups` ENABLE KEYS */;
UNLOCK TABLES;

--
-- Table structure for table `task_comment_likes`
--

DROP TABLE IF EXISTS `task_comment_likes`;
/*!40101 SET @saved_cs_client     = @@character_set_client */;
/*!40101 SET character_set_client = utf8 */;
CREATE TABLE `task_comment_likes` (
  `id_like` int(11) NOT NULL AUTO_INCREMENT,
  `user_id` int(11) NOT NULL,
  `task_comment_id` int(11) NOT NULL,
  PRIMARY KEY (`id_like`)
) ENGINE=InnoDB AUTO_INCREMENT=12 DEFAULT CHARSET=utf8mb4 COLLATE=utf8mb4_unicode_ci;
/*!40101 SET character_set_client = @saved_cs_client */;

--
-- Dumping data for table `task_comment_likes`
--

LOCK TABLES `task_comment_likes` WRITE;
/*!40000 ALTER TABLE `task_comment_likes` DISABLE KEYS */;
INSERT INTO `task_comment_likes` VALUES (2,315,2),(3,323,6),(4,315,27),(5,315,28),(6,315,29),(7,315,30),(8,315,32),(10,315,39),(11,315,58);
/*!40000 ALTER TABLE `task_comment_likes` ENABLE KEYS */;
UNLOCK TABLES;

--
-- Table structure for table `task_comments`
--

DROP TABLE IF EXISTS `task_comments`;
/*!40101 SET @saved_cs_client     = @@character_set_client */;
/*!40101 SET character_set_client = utf8 */;
CREATE TABLE `task_comments` (
  `id_comentario` int(11) NOT NULL AUTO_INCREMENT,
  `desc_comentario` varchar(1000) NOT NULL,
  `criador_comentario` int(11) NOT NULL,
  `data_criacao_comentario` varchar(30) NOT NULL,
  `id_task` int(11) NOT NULL,
  `data_ultima_alteracao` varchar(30) DEFAULT NULL,
  PRIMARY KEY (`id_comentario`)
) ENGINE=InnoDB AUTO_INCREMENT=94 DEFAULT CHARSET=utf8mb4 COLLATE=utf8mb4_unicode_ci;
/*!40101 SET character_set_client = @saved_cs_client */;

--
-- Dumping data for table `task_comments`
--

LOCK TABLES `task_comments` WRITE;
/*!40000 ALTER TABLE `task_comments` DISABLE KEYS */;
INSERT INTO `task_comments` VALUES (1,'Está ocorrendo agora a conversa com o Ricardo sobre essa parte da implementação',315,'2022-05-02T12:04:56-03:00',116,NULL),(2,'teste',315,'2022-07-10T19:14:56-03:00',125,NULL),(3,'teste',321,'2022-07-11T23:24:39-03:00',126,NULL),(4,'Qual linguagem sera utilizada.',322,'2022-08-20T16:08:39-03:00',151,NULL),(5,'dfdfgdf',322,'2022-08-20T16:09:47-03:00',151,NULL),(6,'teste',323,'2022-11-04T12:22:12-03:00',171,NULL),(7,'teste',323,'2022-11-04T12:22:59-03:00',171,NULL),(8,'Feita somente a parte da esquerda',315,'2022-11-24T23:36:26-03:00',191,NULL),(9,'O conteúdo já foi estudado junto com o Ricardo',315,'2022-11-24T23:36:45-03:00',174,NULL),(10,'Tempo gasto: 4h',315,'2022-11-24T23:37:17-03:00',185,NULL),(11,'24/11/22 - Gasto 1h',315,'2022-11-24T23:37:47-03:00',191,NULL),(12,'25/11/22 - Gasto 3h',315,'2022-11-25T21:35:54-03:00',191,NULL),(13,'26 e 27/11/22 - Gasto 3h',315,'2022-11-28T00:12:36-03:00',191,NULL),(14,'29/11/22 - Gasto 1h',315,'2022-11-29T23:33:35-03:00',191,NULL),(15,'30/11/22 - Gasto 1h',315,'2022-12-01T10:58:48-03:00',191,NULL),(16,'02/12/22 - Gasto 2h',315,'2022-12-02T00:05:42-03:00',191,NULL),(17,'02/12/22 - Gasto 1hr',315,'2022-12-02T01:11:01-03:00',201,NULL),(18,'02/12/22 - Gasto 1h',315,'2022-12-02T01:11:26-03:00',200,NULL),(19,'03/12/22 - Gasto 3hr',315,'2022-12-03T23:41:27-03:00',201,NULL),(20,'07/12/22 - Gasto 3h',315,'2022-12-07T00:45:35-03:00',203,NULL),(21,'07/12/22 - Gasto 1h',315,'2022-12-07T18:31:30-03:00',176,NULL),(22,'O scroll ancorado foi feito utilizando a propriedade css scroll-snap',315,'2022-12-07T18:41:18-03:00',176,NULL),(23,'21/12/2022 - Gasto 1h',315,'2022-12-21T00:10:56-03:00',213,NULL),(24,'28/12/2022 - Gasto 2h',315,'2022-12-28T19:00:05-03:00',215,NULL),(25,'Atualização de requisito - Chat está disponível para cada ordem de compra e também no geral, onde não tem segmentação de id de compra',315,'2022-12-30T00:28:28-03:00',210,NULL),(26,'highu',315,'2023-01-07T14:46:39-03:00',221,NULL),(27,'Feito a implementação inicial',315,'2023-04-15T16:14:46-03:00',285,NULL),(28,'16/04/23 - Início da implementação da tradução em todo o sistema',315,'2023-04-16T20:45:58-03:00',285,NULL),(29,'19/04/23 - Término da tradução do sistema, correções gerais, correções e implementação do i18n na api, ainda falta fazer a tradução dos endpoints',315,'2023-04-20T00:00:23-03:00',285,NULL),(30,'Feito também as tarefas: 287 e 288 junto com essa',315,'2023-04-20T00:05:00-03:00',285,NULL),(31,'Realizado o começo da implementação da tradução da API, não foi utilizado o i18n, mas sim um metodo de tradução próprio',315,'2023-04-22T00:35:49-03:00',288,NULL),(32,'Feito a tarefa #290 junto com essa',315,'2023-04-23T23:57:13-03:00',285,NULL),(33,'Corrigido!',315,'2023-05-24T19:46:28-03:00',292,NULL),(34,'Feito a parte de criação, edição e listagem, falta fazer a parte de envio para os usuarios cadastrados',315,'2023-06-19T23:16:02-03:00',282,NULL),(35,'Também feito a correção que torna a opção Admin desse menu, invisivel pros usuarios q n tem permissão',315,'2023-06-19T23:25:28-03:00',315,NULL),(36,'Criado a parte que lista os usuarios para envio, feito tambem ja o back',315,'2023-06-21T23:44:53-03:00',282,NULL),(37,'Tarefa terminada, feito a parte que envia o modelo de newsletter selecionado para as pessoas selecionadas, o ato de clicar em enviar, adiciona os emails em uma fila para envio, que sao enviadas automaticamente quando o sistema detecta que tem emails nao enviados',315,'2023-06-23T23:25:44-03:00',282,NULL),(38,'Feito um carousel com imagens dos projetos, e em cima as logos das empresas',315,'2023-06-26T22:41:28-03:00',310,NULL),(39,'Fazer isso com urgência, pois essa maneira \"GAMBIARRA\" que existe hoje, está afetando o funcionamento do sistema e derrubando o servidor quando dá algum erro',315,'2023-07-20T11:38:57-03:00',342,NULL),(40,'Fazer isso com urgência, pois ja tem usuarios usando o sistema',315,'2023-07-20T11:45:05-03:00',344,NULL),(41,'A referência para essa funcionalidade ja existe na Rabsystems',315,'2023-07-20T11:48:27-03:00',346,NULL),(42,'Já estou fazendo isso, antecipei o início pois deu problema enquanto estava higienizando o codigo e movendo para o service',315,'2023-08-22T13:33:37-03:00',342,NULL),(43,'Corrigido isso, por causa do metodo que foi criado a arquitetura de grupos a conex',315,'2023-08-22T13:35:43-03:00',378,NULL),(44,'o banco estrapolava',315,'2023-08-22T13:35:51-03:00',378,NULL),(45,'feito, por causa da arquitetura de grupos a conexao com o banco estrapolava, entao foi mudado a arquitetura, higienizado o código para q n ocorra mais',315,'2023-08-22T13:37:11-03:00',378,NULL),(46,'Teste',315,'2023-10-25T22:03:07-03:00',93,NULL),(47,'11/11/2023 - 1 hora',315,'2023-11-11T20:21:03-03:00',384,NULL),(48,'1 hora',315,'2023-11-13T22:18:37-03:00',387,NULL),(49,'1 hora, falta hospedar a api em algum lugar e fazer o dev-gourmetex.netlify.app apontar para esse core dev',315,'2023-11-13T22:59:32-03:00',388,NULL),(50,'1 hora, isso acabou de ser feito',315,'2023-11-14T09:32:27-03:00',388,NULL),(51,'1:30 hora',315,'2023-11-17T00:20:01-03:00',393,NULL),(52,'3 Horas',315,'2023-11-18T01:02:09-03:00',397,NULL),(53,'2 horas',315,'2023-11-18T23:35:21-03:00',398,NULL),(54,'3 Horas',315,'2023-11-19T16:34:38-03:00',394,NULL),(55,'Falta fazer a atribuição do usuario admin da empresa',315,'2023-11-21T23:16:46-03:00',400,NULL),(56,'2 horas',315,'2023-11-21T23:18:27-03:00',400,NULL),(57,'4 horas',315,'2023-11-24T21:59:37-03:00',402,NULL),(58,'isso depende de permissões do usuario, no caso ser admin, que também exige toda a parte de configuração necessária',315,'2023-11-24T22:00:19-03:00',402,NULL),(59,'Horas 1',315,'2023-11-29T00:09:47-03:00',405,NULL),(60,'Horas 1',315,'2023-11-29T00:09:54-03:00',404,NULL),(61,'Horas 1',315,'2023-11-29T00:10:01-03:00',403,NULL),(62,'4 horas',315,'2023-11-29T00:15:31-03:00',402,NULL),(63,'1 hora',315,'2023-11-29T10:02:47-03:00',402,NULL),(64,'1 hora',315,'2023-11-29T18:51:31-03:00',408,NULL),(65,'2 horas',315,'2023-12-01T00:39:03-03:00',409,NULL),(66,'6 horas',315,'2023-12-03T13:53:32-03:00',409,NULL),(67,'1 hora',315,'2023-12-04T22:56:53-03:00',407,NULL),(68,'Sera feito em função do back end para verificar a permissao do cargo do usuario, antes de acessar um modulo, antes de realizar alguma ação',315,'2023-12-05T22:56:50-03:00',395,NULL),(69,'2 horas',315,'2023-12-05T22:56:59-03:00',396,NULL),(70,'foi feito a tabela de modulos, e as permissoes de cada modulo, tipo o usuario tem q ter permissao pra acessar alguns modulos, outros sao publicos',315,'2023-12-05T22:57:35-03:00',396,NULL),(71,'2 horas',315,'2023-12-06T00:12:50-03:00',410,NULL),(72,'1 hora',315,'2023-12-09T13:28:06-03:00',411,NULL),(73,'4 horas',315,'2023-12-09T19:13:50-03:00',412,NULL),(74,'Prototipação: https://www.figma.com/design/wtwgQVBDdW70kvjs6F6TIW/Safo-concursos-design-system?node-id=1-14&t=D2axK5LMiIwYm3U4-0',315,'2024-05-14T18:57:07-03:00',488,NULL),(75,'oi2',315,'2024-10-13T14:29:56-03:00',570,'2024-10-13 17:38:53'),(76,'oi222',315,'2024-10-13T14:39:15-03:00',571,'2024-10-13 17:39:43'),(77,'2 hora',315,'2024-10-13T14:39:35-03:00',571,'2024-10-13 17:40:05'),(78,'3 horas',315,'2024-10-13T14:59:13-03:00',564,NULL),(79,'1 hora',315,'2024-10-13T14:59:26-03:00',566,NULL),(80,'1 hora',315,'2024-10-13T14:59:30-03:00',567,NULL),(81,'FIGMA: https://www.figma.com/design/k9447l2uVADffgZdKvS0Nl/agendasmed-design-system?node-id=2-671&node-type=canvas&t=MUGKikI7E6TdyZmu-0',315,'2024-10-13T14:59:53-03:00',563,NULL),(82,'5 horas',315,'2024-10-16T01:23:52-03:00',545,'2024-10-16 04:23:54'),(83,'5h',315,'2024-10-17T01:17:53-03:00',575,'2024-10-19 03:45:21'),(84,'8h',315,'2024-10-22T20:47:05-03:00',581,'2024-10-29 23:42:26'),(85,'11h',315,'2024-11-12T22:55:06-03:00',565,'2024-12-03 02:33:42'),(86,'7h',315,'2024-12-04T00:30:15-03:00',563,'2025-01-22 00:15:57'),(87,'FIGMA: https://www.figma.com/design/k9447l2uVADffgZdKvS0Nl/agendasmed-design-system?node-id=2-671&node-type=canvas&t=MUGKikI7E6TdyZmu-0',315,'2025-01-02T20:50:34-03:00',586,NULL),(88,'FIGMA: https://www.figma.com/design/8jyh924fxnYR5Uz8ddqQwH/Gerenciamento-de-mercado?node-id=0-1&p=f&t=Um0H5njDt9T3t31g-0',315,'2025-01-06T17:45:40-03:00',592,NULL),(89,'3hr',315,'2025-01-07T17:39:24-03:00',592,'2025-01-10 00:10:49'),(90,'Período 01/2025 - 5hr + 3h de prototipação\nPeríodo 02/2025 - ',315,'2025-01-10T19:51:56-03:00',593,'2025-01-22 19:14:17'),(91,'Será usada a plataforma Pagar.me para integração com pagamentos',315,'2025-01-27T22:28:38-03:00',586,NULL),(92,'5h',315,'2025-01-27T23:38:36-03:00',586,NULL),(93,'3h',315,'2025-01-28T14:39:19-03:00',550,'2025-01-29 02:11:33');
/*!40000 ALTER TABLE `task_comments` ENABLE KEYS */;
UNLOCK TABLES;

--
-- Table structure for table `user_achievements`
--

DROP TABLE IF EXISTS `user_achievements`;
/*!40101 SET @saved_cs_client     = @@character_set_client */;
/*!40101 SET character_set_client = utf8 */;
CREATE TABLE `user_achievements` (
  `id` int(11) NOT NULL AUTO_INCREMENT,
  `user_id` int(11) NOT NULL,
  `achievement_id` int(11) NOT NULL,
  PRIMARY KEY (`id`)
) ENGINE=InnoDB AUTO_INCREMENT=11 DEFAULT CHARSET=utf8mb4 COLLATE=utf8mb4_unicode_ci;
/*!40101 SET character_set_client = @saved_cs_client */;

--
-- Dumping data for table `user_achievements`
--

LOCK TABLES `user_achievements` WRITE;
/*!40000 ALTER TABLE `user_achievements` DISABLE KEYS */;
INSERT INTO `user_achievements` VALUES (1,1,1),(2,2,1),(3,3,1),(4,315,1),(5,321,1),(6,322,1),(7,323,1),(8,324,1),(9,327,1),(10,328,1);
/*!40000 ALTER TABLE `user_achievements` ENABLE KEYS */;
UNLOCK TABLES;

--
-- Table structure for table `user_medals`
--

DROP TABLE IF EXISTS `user_medals`;
/*!40101 SET @saved_cs_client     = @@character_set_client */;
/*!40101 SET character_set_client = utf8 */;
CREATE TABLE `user_medals` (
  `id` int(11) NOT NULL AUTO_INCREMENT,
  `user_id` int(11) NOT NULL,
  `medal_id` int(11) NOT NULL,
  PRIMARY KEY (`id`)
) ENGINE=InnoDB DEFAULT CHARSET=utf8mb4 COLLATE=utf8mb4_unicode_ci;
/*!40101 SET character_set_client = @saved_cs_client */;

--
-- Dumping data for table `user_medals`
--

LOCK TABLES `user_medals` WRITE;
/*!40000 ALTER TABLE `user_medals` DISABLE KEYS */;
/*!40000 ALTER TABLE `user_medals` ENABLE KEYS */;
UNLOCK TABLES;

--
-- Table structure for table `user_occupations`
--

DROP TABLE IF EXISTS `user_occupations`;
/*!40101 SET @saved_cs_client     = @@character_set_client */;
/*!40101 SET character_set_client = utf8 */;
CREATE TABLE `user_occupations` (
  `id` int(11) NOT NULL AUTO_INCREMENT,
  `user_id` int(11) NOT NULL,
  `occupation_name` varchar(50) DEFAULT NULL,
  PRIMARY KEY (`id`)
) ENGINE=InnoDB AUTO_INCREMENT=15 DEFAULT CHARSET=utf8mb4 COLLATE=utf8mb4_unicode_ci;
/*!40101 SET character_set_client = @saved_cs_client */;

--
-- Dumping data for table `user_occupations`
--

LOCK TABLES `user_occupations` WRITE;
/*!40000 ALTER TABLE `user_occupations` DISABLE KEYS */;
INSERT INTO `user_occupations` VALUES (1,322,'Desenvolvedor'),(10,315,'Software Enginner'),(11,315,'Cademint CTO'),(14,315,'Rabsystems CEO');
/*!40000 ALTER TABLE `user_occupations` ENABLE KEYS */;
UNLOCK TABLES;

--
-- Table structure for table `users`
--

DROP TABLE IF EXISTS `users`;
/*!40101 SET @saved_cs_client     = @@character_set_client */;
/*!40101 SET character_set_client = utf8 */;
CREATE TABLE `users` (
  `email` varchar(50) NOT NULL,
  `senha` varchar(100) NOT NULL,
  `nome` varchar(50) NOT NULL,
  `id_usuario` int(11) NOT NULL AUTO_INCREMENT,
  `profile_photo` varchar(200) NOT NULL,
  `beta_hash` varchar(50) DEFAULT NULL,
  `user_level` int(11) NOT NULL DEFAULT 1,
  `level_progress` varchar(8) NOT NULL DEFAULT '0.0000',
  `user_cover_image` varchar(200) DEFAULT NULL,
  `user_bio` varchar(500) DEFAULT NULL,
  `reset_password_token` varchar(80) NOT NULL DEFAULT '',
  `reset_password_require_date` varchar(30) DEFAULT NULL,
  `tel` varchar(11) DEFAULT NULL,
  `receive_notifications` int(11) NOT NULL DEFAULT 0,
  `days_recurrency` int(11) DEFAULT NULL,
  PRIMARY KEY (`id_usuario`),
  UNIQUE KEY `email` (`email`)
) ENGINE=InnoDB AUTO_INCREMENT=329 DEFAULT CHARSET=utf8 COLLATE=utf8_general_ci;
/*!40101 SET character_set_client = @saved_cs_client */;

--
-- Dumping data for table `users`
--

LOCK TABLES `users` WRITE;
/*!40000 ALTER TABLE `users` DISABLE KEYS */;
INSERT INTO `users` VALUES ('todos.cademint@cademint.com','$2b$10$.avk1NCuIhqZRrWVbCktnebjrGlqk5THlyRMAkVK6Yzk/fmxnLvIC','Todos',1,'https://coretest-cademint-0012d7964dfd.herokuapp.com/public/default-user-image.png','',1,'1.0000','https://coretest-cademint-0012d7964dfd.herokuapp.com/public/default-banner-image.png','','','',NULL,0,NULL),('qualquer.cademint@cademint.com','$2b$10$3rN0rzU2fnyCVedmhG25buYP.nfkjTtBcS7njHqaSyIS0p3AINpnO','Qualquer',2,'https://coretest-cademint-0012d7964dfd.herokuapp.com/public/default-user-image.png','',1,'1.0000','https://coretest-cademint-0012d7964dfd.herokuapp.com/public/default-banner-image.png','','','',NULL,0,NULL),('scrumcademint@gmail.com','$2b$10$h4nWn1fT19yKi0NaNF0rW.SnAGU1wZ7DM8a7ngMQ5.BDnKWpFDhhW','Cademint',3,'https://scrum-cademint-storage.s3.us-west-1.amazonaws.com/2022-03-31T14_22_26.168Zcandidato-ana-2.PNG','',1,'1.0210','https://coretest-cademint-0012d7964dfd.herokuapp.com/public/default-banner-image.png','','','',NULL,0,NULL),('linnubr@gmail.com','$2b$10$sp/s2V0x7VzNmy7o0D2/p.xto6r5tOWtXkMqk/5a6TPd77RehIaKW','Saymon',315,'https://cademint-test.s3.sa-east-1.amazonaws.com/2025-01-25T20_59_42.224Zimagem_2025-01-25_175922595.png','',4,'20.2745','https://cademint-test.s3.sa-east-1.amazonaws.com/2025-01-25T20_48_38.660Zkimi-no-na-wa-love-5120x2880-19857.jpg','Sou fundador da Rabsystems e criador da Cademint, onde sou CTO. \n\nComo engenheiro de software, adoro explorar novas tecnologias e encontrar soluções que realmente fazem a diferença. O que me motiva é poder transformar ideias em produtos que ajudam as pessoas a trabalhar de forma mais eficiente e criativa. \n\nEstou sempre em busca de desafios e de formas de melhorar a experiência de quem usa as ferramentas que desenvolvo.','','2023-07-20 14:52:02',NULL,0,NULL),('joaomatheus.silva0913@gmail.com','$2b$10$J6WlSfZYmPSGqKHAVecEYeLnMK1FtgrdgOSUmRaa4twySO/OqvZRK','Joao',321,'https://coretest-cademint-0012d7964dfd.herokuapp.com/public/default-user-image.png','',1,'6.9990','https://coretest-cademint-0012d7964dfd.herokuapp.com/public/default-banner-image.png','','','',NULL,0,NULL),('emersonnnb@hotmail.com','$2b$10$bzjZoQHGgj2cnVSpiQktIuvJSEUaTKHPSpKqIHkR6bXm7MS2dOu1a','emerson',322,'https://coretest-cademint-0012d7964dfd.herokuapp.com/public/default-user-image.png','',1,'9.4525','https://coretest-cademint-0012d7964dfd.herokuapp.com/public/default-banner-image.png','','','',NULL,0,NULL),('avejo.design@gmail.com','$2b$10$X/yOj.MoQQlJXdaBeoljg.dqu1qdcfF6T.xB/xpmPHp8.JGuRXEeS','Ricardo',323,'https://coretest-cademint-0012d7964dfd.herokuapp.com/public/default-user-image.png','',1,'50.5145','https://coretest-cademint-0012d7964dfd.herokuapp.com/public/default-banner-image.png','','','2022-12-30 16:00:31',NULL,0,NULL),('lucas.araripina@hotmail.com','$2b$10$vaHvXYCUseQIuL1MhGOOeedJEFUfFmSwa.QLuSvOBANCvnTA7aX/u','francisco',324,'https://coretest-cademint-0012d7964dfd.herokuapp.com/public/default-user-image.png','',1,'64.2135','https://coretest-cademint-0012d7964dfd.herokuapp.com/public/default-banner-image.png','','','',NULL,0,NULL),('rabudinhaaa@gmail.com','$2b$10$SyxrXQ/BjTyteqNSv2IX8uYMMiRq3PuoUSQDNEJkBs1aUikJIsWYC','Rabudinha',326,'https://coretest-cademint-0012d7964dfd.herokuapp.com/public/default-user-image.png',NULL,1,'0.0035','https://coretest-cademint-0012d7964dfd.herokuapp.com/public/default-banner-image.png',NULL,'',NULL,NULL,0,NULL),('jefff9910@outlook.com','$2b$10$W5ORjPe8ny9BUboicExZb.af08EPZvhYxdLrPbSjopXsnaj46eTNK','Jefferson',327,'https://coretest-cademint-0012d7964dfd.herokuapp.com/public/default-user-image.png',NULL,1,'3.0730','https://coretest-cademint-0012d7964dfd.herokuapp.com/public/default-banner-image.png',NULL,'',NULL,NULL,0,NULL),('ghboves@gmail.com','$2b$10$EgRntOx/TQPxpnXWc9OmhuWgJBrvQtVQyUpsmIVEiFdm7Ph0rBPjK','Guilherme',328,'https://coretest-cademint-0012d7964dfd.herokuapp.com/public/default-user-image.png',NULL,1,'0.2590','https://coretest-cademint-0012d7964dfd.herokuapp.com/public/default-banner-image.png',NULL,'',NULL,NULL,0,NULL);
/*!40000 ALTER TABLE `users` ENABLE KEYS */;
UNLOCK TABLES;

--
-- Table structure for table `versaodb`
--

DROP TABLE IF EXISTS `versaodb`;
/*!40101 SET @saved_cs_client     = @@character_set_client */;
/*!40101 SET character_set_client = utf8 */;
CREATE TABLE `versaodb` (
  `id` int(11) NOT NULL AUTO_INCREMENT,
  `versao` varchar(8) NOT NULL,
  PRIMARY KEY (`id`)
) ENGINE=InnoDB AUTO_INCREMENT=6 DEFAULT CHARSET=utf8mb4 COLLATE=utf8mb4_unicode_ci;
/*!40101 SET character_set_client = @saved_cs_client */;

--
-- Dumping data for table `versaodb`
--

LOCK TABLES `versaodb` WRITE;
/*!40000 ALTER TABLE `versaodb` DISABLE KEYS */;
INSERT INTO `versaodb` VALUES (1,'24.10.01'),(2,'25.01.01'),(3,'25.01.02'),(4,'25.01.03'),(5,'25.01.04');
/*!40000 ALTER TABLE `versaodb` ENABLE KEYS */;
UNLOCK TABLES;

--
-- Dumping events for database 'eh629qa8l4285zp4'
--

--
-- Dumping routines for database 'eh629qa8l4285zp4'
--
/*!50003 DROP PROCEDURE IF EXISTS `delete_expired_token` */;
/*!50003 SET @saved_cs_client      = @@character_set_client */ ;
/*!50003 SET @saved_cs_results     = @@character_set_results */ ;
/*!50003 SET @saved_col_connection = @@collation_connection */ ;
/*!50003 SET character_set_client  = utf8mb4 */ ;
/*!50003 SET character_set_results = utf8mb4 */ ;
/*!50003 SET collation_connection  = utf8mb4_general_ci */ ;
/*!50003 SET @saved_sql_mode       = @@sql_mode */ ;
/*!50003 SET sql_mode              = 'STRICT_TRANS_TABLES,ERROR_FOR_DIVISION_BY_ZERO,NO_ENGINE_SUBSTITUTION' */ ;
DELIMITER ;;
CREATE DEFINER=`dn31wp5g3g0cjkb2`@`%` PROCEDURE `delete_expired_token`()
BEGIN
	DELETE FROM group_tokens WHERE create_date < date_sub(current_timestamp(), interval 7 day);
END ;;
DELIMITER ;
/*!50003 SET sql_mode              = @saved_sql_mode */ ;
/*!50003 SET character_set_client  = @saved_cs_client */ ;
/*!50003 SET character_set_results = @saved_cs_results */ ;
/*!50003 SET collation_connection  = @saved_col_connection */ ;
/*!40103 SET TIME_ZONE=@OLD_TIME_ZONE */;

/*!40101 SET SQL_MODE=@OLD_SQL_MODE */;
/*!40014 SET FOREIGN_KEY_CHECKS=@OLD_FOREIGN_KEY_CHECKS */;
/*!40014 SET UNIQUE_CHECKS=@OLD_UNIQUE_CHECKS */;
/*!40101 SET CHARACTER_SET_CLIENT=@OLD_CHARACTER_SET_CLIENT */;
/*!40101 SET CHARACTER_SET_RESULTS=@OLD_CHARACTER_SET_RESULTS */;
/*!40101 SET COLLATION_CONNECTION=@OLD_COLLATION_CONNECTION */;
/*!40111 SET SQL_NOTES=@OLD_SQL_NOTES */;

-- Dump completed on 2025-01-29 12:08:44


insert into versaodb (versao) values ("25.01.0");